-- DOLBOMI reference seed — GENERATED by scripts/gen-supabase-seed.mjs. Do not edit by hand.
-- Run after 0001_init.sql. Safe to re-run (truncates reference tables first).

truncate quest_pool, benefits, subquests, milestones, opportunities, titles, stat_defs restart identity cascade;

-- stat definitions (per-stat target + new-account starting value)
insert into stat_defs (key, mil, en, real, tgt, base, ord) values ('body', '전투력', 'BODY', '체력·건강', 80, 0, 0);
insert into stat_defs (key, mil, en, real, tgt, base, ord) values ('mind', '정신력', 'MIND', '멘탈·집중', 75, 0, 1);
insert into stat_defs (key, mil, en, real, tgt, base, ord) values ('money', '자산력', 'MONEY', '자산·금융', 70, 0, 2);
insert into stat_defs (key, mil, en, real, tgt, base, ord) values ('craft', '숙련도', 'CRAFT', '기술·자격', 90, 0, 3);
insert into stat_defs (key, mil, en, real, tgt, base, ord) values ('people', '지휘력', 'PEOPLE', '리더십·소통', 65, 0, 4);
insert into stat_defs (key, mil, en, real, tgt, base, ord) values ('edge', '담력', 'EDGE', '용기·도전', 60, 0, 5);

-- opportunity catalog
insert into opportunities (id, cat, stat, title, hot, sub, what, eligibility, apply_where, source, verified, cost, deadline, unlock_dday, started, reward, why, expected_pct, status, img, ord, tags) values ('startup', '대회', 'edge', '육군창업경진대회', true, 'K-스타트업 전국 본선 연계 · 2~5인 팀', '육군이 여는 창업 경진대회. 본선 수상하면 포상휴가에 상금, 창업멘토링캠프까지.', '육군 (장교·부사관·병) · 2~5인 팀 (단독 불가)', 'army-startup.co.kr', '육군본부 · army-startup.co.kr', '2026.05', '무료', '2026-07-25', null, false, '{"kind":"휴가","finish":"+2~5일","maxDays":5,"label":"본선 수상 포상휴가 2~5일 + 상금","note":"부대 내규 · 본선 수상자 기준"}'::jsonb, '입상 = 포상휴가. 네 아이디어로 휴가 따자.', 38, 'tight', 'https://images.unsplash.com/photo-1542744173-8e7e53415bb0?w=720&h=420&fit=crop&q=72', 0, '["startup"]'::jsonb);
insert into milestones (opp_id, id, title, date_label, ord) values ('startup', 'm1', '아이디어 확정', '~D-40', 0);
insert into subquests (opp_id, id, milestone_id, text, size, xp, stat, default_done, service, ord) values ('startup', 's1', 'm1', '아이디어 한 줄로 정리', 'S', 15, 'edge', false, null, 0);
insert into subquests (opp_id, id, milestone_id, text, size, xp, stat, default_done, service, ord) values ('startup', 's2', 'm1', '비슷한 서비스 3개 시장조사', 'M', 38, 'edge', false, null, 1);
insert into milestones (opp_id, id, title, date_label, ord) values ('startup', 'm2', '팀 + 사업모델', '~D-25', 1);
insert into subquests (opp_id, id, milestone_id, text, size, xp, stat, default_done, service, ord) values ('startup', 's3', 'm2', '팀원 1~4명 모으기', 'M', 38, 'people', false, null, 0);
insert into subquests (opp_id, id, milestone_id, text, size, xp, stat, default_done, service, ord) values ('startup', 's4', 'm2', '사업모델 한 장(BMC) 작성', 'L', 90, 'edge', false, null, 1);
insert into milestones (opp_id, id, title, date_label, ord) values ('startup', 'm3', '제출', '~D-10', 2);
insert into subquests (opp_id, id, milestone_id, text, size, xp, stat, default_done, service, ord) values ('startup', 's5', 'm3', '5분 발표영상 촬영', 'L', 90, 'edge', false, null, 0);
insert into subquests (opp_id, id, milestone_id, text, size, xp, stat, default_done, service, ord) values ('startup', 's6', 'm3', '유튜브 업로드 + 예선 접수', 'M', 38, 'edge', false, '{"name":"army-startup.co.kr","kind":"접수","gov":true}'::jsonb, 1);
insert into subquests (opp_id, id, milestone_id, text, size, xp, stat, default_done, service, ord) values ('startup', 's7', 'm3', '본선 Q&A 리허설', 'M', 38, 'people', false, null, 2);
insert into opportunities (id, cat, stat, title, hot, sub, what, eligibility, apply_where, source, verified, cost, deadline, unlock_dday, started, reward, why, expected_pct, status, img, ord, tags) values ('jeongcheo', '자격증', 'craft', '정보처리산업기사', true, '국방부 위탁 무료검정 · 응시료 0원', '군이 직접 여는 무료 국가기술자격 검정. 필기·실기 모두 부대 안에서.', '육·해·공·해병·국직·카투사·상근 현역', '국방부 위탁검정 · Q-Net', 'korea.kr · 위탁검정 안내', '2026.04', '무료 (위탁검정)', '2026-06-22', null, false, '{"kind":"cert","finish":"자격증","label":"국가기술자격 + 포상휴가 보통 2~5일","note":"포상휴가는 부대 내규"}'::jsonb, '응시료 0원, 자격증은 평생 간다. 필기 임박.', 60, 'tight', 'https://images.unsplash.com/photo-1498050108023-c5249f4df085?w=720&h=420&fit=crop&q=72', 1, '["coding","cert_tech"]'::jsonb);
insert into milestones (opp_id, id, title, date_label, ord) values ('jeongcheo', 'm1', '필기', 'D-12', 0);
insert into subquests (opp_id, id, milestone_id, text, size, xp, stat, default_done, service, ord) values ('jeongcheo', 's1', 'm1', '종목·시험일 D-day 등록', 'S', 15, 'craft', false, null, 0);
insert into subquests (opp_id, id, milestone_id, text, size, xp, stat, default_done, service, ord) values ('jeongcheo', 's2', 'm1', '소프트웨어설계 기출 1회분', 'M', 38, 'craft', false, null, 1);
insert into subquests (opp_id, id, milestone_id, text, size, xp, stat, default_done, service, ord) values ('jeongcheo', 's3', 'm1', '데이터베이스 기출 1회분', 'M', 38, 'craft', false, null, 2);
insert into subquests (opp_id, id, milestone_id, text, size, xp, stat, default_done, service, ord) values ('jeongcheo', 's4', 'm1', '프로그래밍언어 기출 1회분', 'M', 38, 'craft', false, null, 3);
insert into subquests (opp_id, id, milestone_id, text, size, xp, stat, default_done, service, ord) values ('jeongcheo', 's5', 'm1', '필기 응시', 'L', 90, 'craft', false, null, 4);
insert into milestones (opp_id, id, title, date_label, ord) values ('jeongcheo', 'm2', '실기', 'D-48', 1);
insert into subquests (opp_id, id, milestone_id, text, size, xp, stat, default_done, service, ord) values ('jeongcheo', 's6', 'm2', '실기 환경 세팅', 'M', 38, 'craft', false, null, 0);
insert into subquests (opp_id, id, milestone_id, text, size, xp, stat, default_done, service, ord) values ('jeongcheo', 's7', 'm2', '실기 기출 2회분', 'L', 90, 'craft', false, null, 1);
insert into subquests (opp_id, id, milestone_id, text, size, xp, stat, default_done, service, ord) values ('jeongcheo', 's8', 'm2', '실기 응시', 'L', 90, 'craft', false, null, 2);
insert into milestones (opp_id, id, title, date_label, ord) values ('jeongcheo', 'm3', '마무리', 'D-55', 2);
insert into subquests (opp_id, id, milestone_id, text, size, xp, stat, default_done, service, ord) values ('jeongcheo', 's9', 'm3', '합격 확인 + 포상휴가 신청', 'S', 15, 'craft', false, null, 0);
insert into opportunities (id, cat, stat, title, hot, sub, what, eligibility, apply_where, source, verified, cost, deadline, unlock_dday, started, reward, why, expected_pct, status, img, ord, tags) values ('toeic', '어학', 'craft', 'TOEIC 900', false, '취업 필수 스펙 · 응시료 자기개발비', '이력서의 기본기. 매일 30분이면 전역 전에 충분히 만든다.', '전 군 공통', 'TOEIC 접수 · 학습 앱 제휴', 'ETS · 자기개발비 안내', '2026.03', '응시료 자기개발비 대상', '2026-07-15', null, false, '{"kind":"휴가","finish":"+4~5일","maxDays":5,"label":"포상휴가 4~5일(부대 내규) + 취업 스펙","note":"어학 포상휴가는 부대별 상이"}'::jsonb, '하루 30분이면 900 가능. 페이스 좋아.', 42, 'on', 'https://images.unsplash.com/photo-1513258496099-48168024aec0?w=720&h=420&fit=crop&q=72', 2, '["language","career"]'::jsonb);
insert into milestones (opp_id, id, title, date_label, ord) values ('toeic', 'm1', '진단 + 루틴', '~D-30', 0);
insert into subquests (opp_id, id, milestone_id, text, size, xp, stat, default_done, service, ord) values ('toeic', 's1', 'm1', '모의고사로 현재 점수 진단', 'M', 38, 'craft', false, null, 0);
insert into subquests (opp_id, id, milestone_id, text, size, xp, stat, default_done, service, ord) values ('toeic', 's2', 'm1', 'LC Part 2 30분', 'M', 38, 'craft', false, '{"name":"산타토익","kind":"학습","gov":false}'::jsonb, 1);
insert into subquests (opp_id, id, milestone_id, text, size, xp, stat, default_done, service, ord) values ('toeic', 's3', 'm1', 'RC Part 5 문법 30분', 'M', 38, 'craft', false, '{"name":"산타토익","kind":"학습","gov":false}'::jsonb, 2);
insert into milestones (opp_id, id, title, date_label, ord) values ('toeic', 'm2', '실전', '~D-10', 1);
insert into subquests (opp_id, id, milestone_id, text, size, xp, stat, default_done, service, ord) values ('toeic', 's4', 'm2', '실전 모의고사 1회', 'L', 90, 'craft', false, null, 0);
insert into subquests (opp_id, id, milestone_id, text, size, xp, stat, default_done, service, ord) values ('toeic', 's5', 'm2', '오답 노트 정리', 'M', 38, 'craft', false, null, 1);
insert into milestones (opp_id, id, title, date_label, ord) values ('toeic', 'm3', '응시', 'D-35', 2);
insert into subquests (opp_id, id, milestone_id, text, size, xp, stat, default_done, service, ord) values ('toeic', 's6', 'm3', '응시 접수 (자기개발비)', 'S', 15, 'craft', false, '{"name":"나라사랑포털","kind":"환급","gov":true}'::jsonb, 0);
insert into opportunities (id, cat, stat, title, hot, sub, what, eligibility, apply_where, source, verified, cost, deadline, unlock_dday, started, reward, why, expected_pct, status, img, ord, tags) values ('hanguksa', '자격증', 'mind', '한국사능력검정 1급', false, '공무원·공기업 가산점 · 문과 친화', '공무원·공기업 채용 가산점에 바로 쓰이는 국가 시험.', '전 군 공통', '국사편찬위원회', 'historyexam.go.kr', '2026.04', '응시료 자기개발비 대상', '2026-06-30', null, false, '{"kind":"휴가","finish":"+2박3일","maxDays":3,"label":"포상휴가 흔히 2박3일 + 채용 가산점","note":"부대 내규"}'::jsonb, '기출이 밀렸다. 페이스 끌어올려야 함.', 55, 'risk', 'https://images.unsplash.com/photo-1481627834876-b7833e8f5570?w=720&h=420&fit=crop&q=72', 3, '["civil_exam","cert_tech"]'::jsonb);
insert into milestones (opp_id, id, title, date_label, ord) values ('hanguksa', 'm1', '개념', '~D-14', 0);
insert into subquests (opp_id, id, milestone_id, text, size, xp, stat, default_done, service, ord) values ('hanguksa', 's1', 'm1', '기본서 전근대 1회독', 'L', 90, 'mind', false, null, 0);
insert into subquests (opp_id, id, milestone_id, text, size, xp, stat, default_done, service, ord) values ('hanguksa', 's2', 'm1', '기본서 근현대 1회독', 'L', 90, 'mind', false, null, 1);
insert into milestones (opp_id, id, title, date_label, ord) values ('hanguksa', 'm2', '기출', '~D-5', 1);
insert into subquests (opp_id, id, milestone_id, text, size, xp, stat, default_done, service, ord) values ('hanguksa', 's3', 'm2', '기출 1회분', 'M', 38, 'mind', false, null, 0);
insert into subquests (opp_id, id, milestone_id, text, size, xp, stat, default_done, service, ord) values ('hanguksa', 's4', 'm2', '기출 2회분', 'M', 38, 'mind', false, null, 1);
insert into subquests (opp_id, id, milestone_id, text, size, xp, stat, default_done, service, ord) values ('hanguksa', 's5', 'm2', '기출 3회분', 'M', 38, 'mind', false, null, 2);
insert into milestones (opp_id, id, title, date_label, ord) values ('hanguksa', 'm3', '응시', 'D-20', 2);
insert into subquests (opp_id, id, milestone_id, text, size, xp, stat, default_done, service, ord) values ('hanguksa', 's6', 'm3', '시험 접수', 'S', 15, 'mind', false, null, 0);
insert into opportunities (id, cat, stat, title, hot, sub, what, eligibility, apply_where, source, verified, cost, deadline, unlock_dday, started, reward, why, expected_pct, status, img, ord, tags) values ('jeokgeum', '금융', 'money', '장병내일준비적금', false, '정부가 원금 100% 매칭 · 전역일 ~2,000만', '정부가 납입 원금을 100% 얹어주는 군인 전용 적금. 비과세에 기본 이자까지.', '현역병·상근·사회복무 등 (1인, 최대 2계좌)', '은행 앱 (KB·IBK·NH 등) + 나라사랑카드', 'mnd.go.kr · 병무청', '2026.05', '무료', '2027-03-28', null, true, '{"kind":"money","finish":"~2,000만","label":"전역일 예상 ~2,000만 (정부 매칭 포함)","note":"만기(전역일)까지 유지 시"}'::jsonb, '매달 납입만 유지하면 됨. 정부 돈 990만이 공짜로 따라온다.', 70, 'on', 'https://images.unsplash.com/photo-1551288049-bebda4e38f71?w=720&h=420&fit=crop&q=72', 4, '["finance"]'::jsonb);
insert into milestones (opp_id, id, title, date_label, ord) values ('jeokgeum', 'm1', '개설', '완료', 0);
insert into subquests (opp_id, id, milestone_id, text, size, xp, stat, default_done, service, ord) values ('jeokgeum', 's1', 'm1', '나라사랑카드 확인', 'S', 15, 'money', false, null, 0);
insert into subquests (opp_id, id, milestone_id, text, size, xp, stat, default_done, service, ord) values ('jeokgeum', 's2', 'm1', '적금 계좌 개설', 'M', 38, 'money', false, '{"name":"KB스타뱅킹","kind":"개설","gov":false}'::jsonb, 1);
insert into subquests (opp_id, id, milestone_id, text, size, xp, stat, default_done, service, ord) values ('jeokgeum', 's3', 'm1', '납입한도 55만 상향', 'S', 15, 'money', false, null, 2);
insert into milestones (opp_id, id, title, date_label, ord) values ('jeokgeum', 'm2', '유지', '매달', 1);
insert into subquests (opp_id, id, milestone_id, text, size, xp, stat, default_done, service, ord) values ('jeokgeum', 's4', 'm2', '이번 달 납입 확인', 'S', 15, 'money', false, null, 0);
insert into milestones (opp_id, id, title, date_label, ord) values ('jeokgeum', 'm3', '만기', '전역일', 2);
insert into subquests (opp_id, id, milestone_id, text, size, xp, stat, default_done, service, ord) values ('jeokgeum', 's5', 'm3', '만기일(전역일) 추적', 'S', 15, 'money', false, null, 0);
insert into opportunities (id, cat, stat, title, hot, sub, what, eligibility, apply_where, source, verified, cost, deadline, unlock_dday, started, reward, why, expected_pct, status, img, ord, tags) values ('cheryeok', '체력', 'body', '여단 체력왕 선발', false, '3km 러닝 + 윗몸 + 팔굽 · 측정 임박', '체력검정 특급은 여러 부대에서 포상휴가로 직결된다.', '소속 부대 체력검정 대상', '부대 체력검정', '군인 휴가규정 · 부대 내규', '2026.05', '무료', '2026-06-19', null, false, '{"kind":"휴가","finish":"+3일","maxDays":3,"label":"포상휴가 3일 (부대 내규)","note":"부대별 상이"}'::jsonb, '전투력 이미 좋다. 충분히 노린다.', 55, 'on', 'https://images.unsplash.com/photo-1552674605-db6ffd4facb5?w=720&h=420&fit=crop&q=72', 5, '["fitness"]'::jsonb);
insert into milestones (opp_id, id, title, date_label, ord) values ('cheryeok', 'm1', '측정', 'D-9', 0);
insert into subquests (opp_id, id, milestone_id, text, size, xp, stat, default_done, service, ord) values ('cheryeok', 's1', 'm1', '3km 현재 기록 측정', 'M', 38, 'body', false, null, 0);
insert into subquests (opp_id, id, milestone_id, text, size, xp, stat, default_done, service, ord) values ('cheryeok', 's2', 'm1', '윗몸 2분 테스트', 'S', 15, 'body', false, null, 1);
insert into milestones (opp_id, id, title, date_label, ord) values ('cheryeok', 'm2', '훈련', '~D-2', 1);
insert into subquests (opp_id, id, milestone_id, text, size, xp, stat, default_done, service, ord) values ('cheryeok', 's3', 'm2', '인터벌 러닝 (주 4회)', 'M', 38, 'body', false, null, 0);
insert into subquests (opp_id, id, milestone_id, text, size, xp, stat, default_done, service, ord) values ('cheryeok', 's4', 'm2', '팔굽혀펴기 루틴', 'S', 15, 'body', false, null, 1);
insert into milestones (opp_id, id, title, date_label, ord) values ('cheryeok', 'm3', '검정', 'D-day', 2);
insert into subquests (opp_id, id, milestone_id, text, size, xp, stat, default_done, service, ord) values ('cheryeok', 's5', 'm3', '체력검정 응시', 'M', 38, 'body', false, null, 0);
insert into opportunities (id, cat, stat, title, hot, sub, what, eligibility, apply_where, source, verified, cost, deadline, unlock_dday, started, reward, why, expected_pct, status, img, ord, tags) values ('swai', '자격증', 'craft', '장병 SW·AI 역량강화', true, '구름(goorm) × 국방부 · 온라인 무료', '국방부와 구름이 함께 여는 장병 대상 SW·AI 무료 교육.', '현역 장병 (온라인 수강)', 'edu.goorm.io · 국방부 공지', '국방부 · goorm', '2026.05', '무료', '2026-07-08', null, false, '{"kind":"cert","finish":"수료증","label":"SW·AI 수료증 + 포트폴리오","note":"취업 연계"}'::jsonb, '시간 날 때 듣기만 해도 포트폴리오. IT 취업의 첫 줄.', 30, 'on', 'https://images.unsplash.com/photo-1461749280684-dccba630e2f6?w=720&h=420&fit=crop&q=72', 6, '["coding"]'::jsonb);
insert into milestones (opp_id, id, title, date_label, ord) values ('swai', 'm1', '입문', '~D-22', 0);
insert into subquests (opp_id, id, milestone_id, text, size, xp, stat, default_done, service, ord) values ('swai', 's1', 'm1', '계정 만들고 과정 등록', 'S', 15, 'craft', false, '{"name":"goorm EDU","kind":"등록","gov":false}'::jsonb, 0);
insert into subquests (opp_id, id, milestone_id, text, size, xp, stat, default_done, service, ord) values ('swai', 's2', 'm1', '1주차 강의 수강', 'M', 38, 'craft', false, null, 1);
insert into subquests (opp_id, id, milestone_id, text, size, xp, stat, default_done, service, ord) values ('swai', 's3', 'm1', '2주차 강의 + 실습', 'M', 38, 'craft', false, null, 2);
insert into milestones (opp_id, id, title, date_label, ord) values ('swai', 'm2', '프로젝트', '~D-8', 1);
insert into subquests (opp_id, id, milestone_id, text, size, xp, stat, default_done, service, ord) values ('swai', 's4', 'm2', '미니 프로젝트 제출', 'L', 90, 'craft', false, null, 0);
insert into milestones (opp_id, id, title, date_label, ord) values ('swai', 'm3', '수료', 'D-28', 2);
insert into subquests (opp_id, id, milestone_id, text, size, xp, stat, default_done, service, ord) values ('swai', 's5', 'm3', '수료 인증 + 포트폴리오 정리', 'S', 15, 'craft', false, null, 0);
insert into opportunities (id, cat, stat, title, hot, sub, what, eligibility, apply_where, source, verified, cost, deadline, unlock_dday, started, reward, why, expected_pct, status, img, ord, tags) values ('cheongnyeon', '금융', 'money', '청년미래적금', true, '2026.06 신설 · 청년 자산형성 매칭', '2026년 6월 출시된 청년 자산형성 적금. 전역 직후(D-90 구간) 가입 자격을 확인한다.', '자격·소득 요건 충족 청년 (전역 후 확인)', '서민금융진흥원 · 은행 앱', '금융위 · 2026.06 시행', '2026.06', '무료', '2026-09-08', 90, false, '{"kind":"money","finish":"+매칭","label":"정부 매칭 6%/12% (요건별)","note":"소득·자격 요건 확인 필수"}'::jsonb, '전역하면 바로 자격 확인. 장병적금 → 청년미래적금으로 끊김 없이.', 0, 'on', 'https://images.unsplash.com/photo-1460925895917-afdab827c52f?w=720&h=420&fit=crop&q=72', 7, '["finance"]'::jsonb);
insert into milestones (opp_id, id, title, date_label, ord) values ('cheongnyeon', 'm1', '자격 확인', 'D-90 해금', 0);
insert into subquests (opp_id, id, milestone_id, text, size, xp, stat, default_done, service, ord) values ('cheongnyeon', 's1', 'm1', '소득·연령 요건 셀프 체크', 'S', 15, 'money', false, null, 0);
insert into subquests (opp_id, id, milestone_id, text, size, xp, stat, default_done, service, ord) values ('cheongnyeon', 's2', 'm1', '필요 서류 확인', 'S', 15, 'money', false, null, 1);
insert into milestones (opp_id, id, title, date_label, ord) values ('cheongnyeon', 'm2', '가입', '전역 후', 1);
insert into subquests (opp_id, id, milestone_id, text, size, xp, stat, default_done, service, ord) values ('cheongnyeon', 's3', 'm2', '은행 앱에서 가입', 'M', 38, 'money', false, '{"name":"서민금융진흥원","kind":"가입","gov":true}'::jsonb, 0);
insert into opportunities (id, cat, stat, title, hot, sub, what, eligibility, apply_where, source, verified, cost, deadline, unlock_dday, started, reward, why, expected_pct, status, img, ord, tags) values ('naeil', '교육', 'edge', '국민내일배움카드', false, '훈련비 국비 지원 · 전역 후 즉시', '직업훈련비를 국가가 대주는 카드. 전역 직후(D-90 구간) 발급받아 코딩·디자인 부트캠프를 국비로 듣는다.', '구직자·재직자 등 (전역 후 발급)', 'HRD-Net · 고용센터', '고용노동부 · HRD-Net', '2026.05', '발급 무료 (훈련비 국비)', '2026-09-08', 90, false, '{"kind":"cert","finish":"국비 훈련","label":"최대 수백만원 훈련비 지원","note":"훈련 과정·요건별 상이"}'::jsonb, '전역 = 끝이 아니라 시작. 내일배움카드로 바로 부트캠프.', 0, 'on', 'https://images.unsplash.com/photo-1522071820081-009f0129c71c?w=720&h=420&fit=crop&q=72', 8, '["career","coding"]'::jsonb);
insert into milestones (opp_id, id, title, date_label, ord) values ('naeil', 'm1', '발급', 'D-90 해금', 0);
insert into subquests (opp_id, id, milestone_id, text, size, xp, stat, default_done, service, ord) values ('naeil', 's1', 'm1', 'HRD-Net 가입 + 동영상 교육', 'M', 38, 'edge', false, '{"name":"HRD-Net","kind":"발급","gov":true}'::jsonb, 0);
insert into subquests (opp_id, id, milestone_id, text, size, xp, stat, default_done, service, ord) values ('naeil', 's2', 'm1', '카드 신청', 'S', 15, 'edge', false, null, 1);
insert into milestones (opp_id, id, title, date_label, ord) values ('naeil', 'm2', '훈련 선택', '전역 후', 1);
insert into subquests (opp_id, id, milestone_id, text, size, xp, stat, default_done, service, ord) values ('naeil', 's3', 'm2', '관심 과정 3개 비교', 'M', 38, 'craft', false, null, 0);
insert into subquests (opp_id, id, milestone_id, text, size, xp, stat, default_done, service, ord) values ('naeil', 's4', 'm2', '수강 신청', 'M', 38, 'edge', false, null, 1);
insert into opportunities (id, cat, stat, title, hot, sub, what, eligibility, apply_where, source, verified, cost, deadline, unlock_dday, started, reward, why, expected_pct, status, img, ord, tags) values ('defai', '대회', 'edge', '국방 AI 아이디어 경연', false, '전군 대상 · AI 활용 아이디어', '국방 분야 AI 활용 아이디어를 겨루는 경연. 수상하면 포상휴가에 더해 군 SW·AI 교육과 이어진다.', '전 군 공통 (개인·팀)', '국방부 공지 · 접수처', '국방부', '2026.05', '무료', '2026-08-01', null, false, '{"kind":"휴가","finish":"+2~4일","maxDays":4,"label":"수상 포상휴가 2~4일 (부대 내규)","note":"부대 내규"}'::jsonb, 'SW·AI 교육에서 배운 걸 바로 아이디어로. 입상하면 휴가.', 0, 'on', 'https://images.unsplash.com/photo-1555066931-4365d14bab8c?w=720&h=420&fit=crop&q=72', 9, '["startup","coding"]'::jsonb);
insert into milestones (opp_id, id, title, date_label, ord) values ('defai', 'm1', '아이디어', '~D-40', 0);
insert into subquests (opp_id, id, milestone_id, text, size, xp, stat, default_done, service, ord) values ('defai', 's1', 'm1', '국방 문제 1개 정하기', 'S', 15, 'edge', false, null, 0);
insert into subquests (opp_id, id, milestone_id, text, size, xp, stat, default_done, service, ord) values ('defai', 's2', 'm1', 'AI 적용 방식 스케치', 'M', 38, 'edge', false, null, 1);
insert into milestones (opp_id, id, title, date_label, ord) values ('defai', 'm2', '제출', 'D-52', 1);
insert into subquests (opp_id, id, milestone_id, text, size, xp, stat, default_done, service, ord) values ('defai', 's3', 'm2', '제안서 한 장 작성', 'L', 90, 'edge', false, null, 0);
insert into subquests (opp_id, id, milestone_id, text, size, xp, stat, default_done, service, ord) values ('defai', 's4', 'm2', '접수', 'S', 15, 'edge', false, null, 1);
insert into opportunities (id, cat, stat, title, hot, sub, what, eligibility, apply_where, source, verified, cost, deadline, unlock_dday, started, reward, why, expected_pct, status, img, ord, tags) values ('jeongbogisa', '자격증', 'craft', '정보처리기사', true, 'IT 채용 단골 자격 · 필기 7월', 'IT 직군 채용에서 가장 자주 요구되는 국가기술자격. 산업기사 다음 스텝.', '관련 학과 4학년 재학·졸업예정 등 응시자격 확인 필요', 'Q-Net', '한국산업인력공단 · q-net.or.kr', '2026.05', '응시료 자기개발비 대상', '2026-07-18', null, false, '{"kind":"cert","finish":"자격증","label":"국가기술자격 + 포상휴가 (부대 내규)","note":"포상휴가는 부대 내규"}'::jsonb, '산업기사 다음은 기사. IT 이력서 첫 줄이 바뀐다.', 0, 'on', 'https://images.unsplash.com/photo-1461749280684-dccba630e2f6?w=720&h=420&fit=crop&q=72', 10, '["coding","cert_tech"]'::jsonb);
insert into milestones (opp_id, id, title, date_label, ord) values ('jeongbogisa', 'm1', '자격 + 접수', '~D-30', 0);
insert into subquests (opp_id, id, milestone_id, text, size, xp, stat, default_done, service, ord) values ('jeongbogisa', 's1', 'm1', '응시자격 셀프 체크', 'S', 15, 'craft', false, null, 0);
insert into subquests (opp_id, id, milestone_id, text, size, xp, stat, default_done, service, ord) values ('jeongbogisa', 's2', 'm1', '필기 접수', 'S', 15, 'craft', false, '{"name":"Q-Net","kind":"접수","gov":true}'::jsonb, 1);
insert into milestones (opp_id, id, title, date_label, ord) values ('jeongbogisa', 'm2', '필기', '~D-7', 1);
insert into subquests (opp_id, id, milestone_id, text, size, xp, stat, default_done, service, ord) values ('jeongbogisa', 's3', 'm2', '소프트웨어설계 기출 1회분', 'M', 38, 'craft', false, null, 0);
insert into subquests (opp_id, id, milestone_id, text, size, xp, stat, default_done, service, ord) values ('jeongbogisa', 's4', 'm2', '데이터베이스구축 기출 1회분', 'M', 38, 'craft', false, null, 1);
insert into subquests (opp_id, id, milestone_id, text, size, xp, stat, default_done, service, ord) values ('jeongbogisa', 's5', 'm2', '필기 응시', 'L', 90, 'craft', false, null, 2);
insert into milestones (opp_id, id, title, date_label, ord) values ('jeongbogisa', 'm3', '실기', '필기 후', 2);
insert into subquests (opp_id, id, milestone_id, text, size, xp, stat, default_done, service, ord) values ('jeongbogisa', 's6', 'm3', '실기 기출 2회분', 'L', 90, 'craft', false, null, 0);
insert into subquests (opp_id, id, milestone_id, text, size, xp, stat, default_done, service, ord) values ('jeongbogisa', 's7', 'm3', '실기 응시', 'L', 90, 'craft', false, null, 1);
insert into opportunities (id, cat, stat, title, hot, sub, what, eligibility, apply_where, source, verified, cost, deadline, unlock_dday, started, reward, why, expected_pct, status, img, ord, tags) values ('comhwal', '자격증', 'craft', '컴퓨터활용능력 1급', false, '엑셀·액세스 · 상시검정으로 아무 때나', '공기업·사무직 가산점 단골. 상시검정이라 복무 중 일정 맞추기 쉽다.', '전 군 공통 (상시검정)', '대한상공회의소 자격평가사업단', 'license.korcham.net', '2026.05', '응시료 자기개발비 대상', '2027-03-28', null, false, '{"kind":"cert","finish":"자격증","label":"공기업 가산점 + 포상휴가 (부대 내규)","note":"부대 내규"}'::jsonb, '사무직 어디서나 통하는 만능 자격. 상시라 핑계가 없다.', 0, 'on', 'https://images.unsplash.com/photo-1486312338219-ce68d2c6f44d?w=720&h=420&fit=crop&q=72', 11, '["coding","cert_tech","civil_exam"]'::jsonb);
insert into milestones (opp_id, id, title, date_label, ord) values ('comhwal', 'm1', '필기', '~D-45', 0);
insert into subquests (opp_id, id, milestone_id, text, size, xp, stat, default_done, service, ord) values ('comhwal', 's1', 'm1', '필기 기출 1회분', 'M', 38, 'craft', false, null, 0);
insert into subquests (opp_id, id, milestone_id, text, size, xp, stat, default_done, service, ord) values ('comhwal', 's2', 'm1', '필기 기출 2회분', 'M', 38, 'craft', false, null, 1);
insert into subquests (opp_id, id, milestone_id, text, size, xp, stat, default_done, service, ord) values ('comhwal', 's3', 'm1', '필기 접수 + 응시', 'M', 38, 'craft', false, '{"name":"대한상공회의소","kind":"접수","gov":false}'::jsonb, 2);
insert into milestones (opp_id, id, title, date_label, ord) values ('comhwal', 'm2', '실기', '~D-10', 1);
insert into subquests (opp_id, id, milestone_id, text, size, xp, stat, default_done, service, ord) values ('comhwal', 's4', 'm2', '엑셀 함수 모의 3회', 'L', 90, 'craft', false, null, 0);
insert into subquests (opp_id, id, milestone_id, text, size, xp, stat, default_done, service, ord) values ('comhwal', 's5', 'm2', '액세스 쿼리 모의 3회', 'L', 90, 'craft', false, null, 1);
insert into subquests (opp_id, id, milestone_id, text, size, xp, stat, default_done, service, ord) values ('comhwal', 's6', 'm2', '실기 응시', 'L', 90, 'craft', false, null, 2);
insert into opportunities (id, cat, stat, title, hot, sub, what, eligibility, apply_where, source, verified, cost, deadline, unlock_dday, started, reward, why, expected_pct, status, img, ord, tags) values ('jigecha', '자격증', 'craft', '지게차·굴착기 운전기능사', false, '국방부 위탁검정 종목 · 전역 후 바로 쓰는 기술', '중장비 양대 자격. 위탁검정 종목이라 부대 안에서 무료 응시 기회가 열린다.', '전 군 공통 (위탁검정 일정은 부대 공지)', '국방부 위탁검정 · Q-Net', '한국산업인력공단 · 위탁검정 안내', '2026.05', '무료 (위탁검정) / 일반 접수 시 응시료', '2026-08-21', null, false, '{"kind":"cert","finish":"자격증","label":"국가기술자격 2종 + 포상휴가 (부대 내규)","note":"실기는 장비 교육장 일정 확인"}'::jsonb, '전역 다음 날부터 돈 되는 자격. 둘 다 따면 더 세다.', 0, 'on', 'https://images.unsplash.com/photo-1517245386807-bb43f82c33c4?w=720&h=420&fit=crop&q=72', 12, '["cert_tech"]'::jsonb);
insert into milestones (opp_id, id, title, date_label, ord) values ('jigecha', 'm1', '필기', '~D-40', 0);
insert into subquests (opp_id, id, milestone_id, text, size, xp, stat, default_done, service, ord) values ('jigecha', 's1', 'm1', '위탁검정 일정 확인', 'S', 15, 'craft', false, null, 0);
insert into subquests (opp_id, id, milestone_id, text, size, xp, stat, default_done, service, ord) values ('jigecha', 's2', 'm1', '지게차 필기 기출 2회분', 'M', 38, 'craft', false, null, 1);
insert into subquests (opp_id, id, milestone_id, text, size, xp, stat, default_done, service, ord) values ('jigecha', 's3', 'm1', '굴착기 필기 기출 2회분', 'M', 38, 'craft', false, null, 2);
insert into milestones (opp_id, id, title, date_label, ord) values ('jigecha', 'm2', '응시', '~D-10', 1);
insert into subquests (opp_id, id, milestone_id, text, size, xp, stat, default_done, service, ord) values ('jigecha', 's4', 'm2', '필기 접수', 'S', 15, 'craft', false, '{"name":"Q-Net","kind":"접수","gov":true}'::jsonb, 0);
insert into subquests (opp_id, id, milestone_id, text, size, xp, stat, default_done, service, ord) values ('jigecha', 's5', 'm2', '필기 응시', 'L', 90, 'craft', false, null, 1);
insert into milestones (opp_id, id, title, date_label, ord) values ('jigecha', 'm3', '실기 준비', '필기 후', 2);
insert into subquests (opp_id, id, milestone_id, text, size, xp, stat, default_done, service, ord) values ('jigecha', 's6', 'm3', '실기 코스 영상 3개 시청', 'M', 38, 'craft', false, null, 0);
insert into subquests (opp_id, id, milestone_id, text, size, xp, stat, default_done, service, ord) values ('jigecha', 's7', 'm3', '실기 일정 등록', 'S', 15, 'craft', false, null, 1);
insert into opportunities (id, cat, stat, title, hot, sub, what, eligibility, apply_where, source, verified, cost, deadline, unlock_dday, started, reward, why, expected_pct, status, img, ord, tags) values ('gisul-jeongi', '자격증', 'craft', '전기기능사', false, '평생 기술 베이스 · 시설·전기 직무 입문', '전기 분야 입문 국가기술자격. 시설관리·공기업 기술직의 출발점.', '전 군 공통 (응시자격 제한 없음)', 'Q-Net', '한국산업인력공단 · q-net.or.kr', '2026.05', '응시료 자기개발비 대상', '2026-09-06', null, false, '{"kind":"cert","finish":"자격증","label":"국가기술자격 + 포상휴가 (부대 내규)","note":"부대 내규"}'::jsonb, '자격 제한 없음. 전기는 어느 시대에도 안 죽는 기술.', 0, 'on', 'https://images.unsplash.com/photo-1434030216411-0b793f4b4173?w=720&h=420&fit=crop&q=72', 13, '["cert_tech"]'::jsonb);
insert into milestones (opp_id, id, title, date_label, ord) values ('gisul-jeongi', 'm1', '필기', '~D-30', 0);
insert into subquests (opp_id, id, milestone_id, text, size, xp, stat, default_done, service, ord) values ('gisul-jeongi', 's1', 'm1', '전기이론 기출 1회분', 'M', 38, 'craft', false, null, 0);
insert into subquests (opp_id, id, milestone_id, text, size, xp, stat, default_done, service, ord) values ('gisul-jeongi', 's2', 'm1', '전기기기·설비 기출 1회분', 'M', 38, 'craft', false, null, 1);
insert into subquests (opp_id, id, milestone_id, text, size, xp, stat, default_done, service, ord) values ('gisul-jeongi', 's3', 'm1', '필기 접수 + 응시', 'M', 38, 'craft', false, '{"name":"Q-Net","kind":"접수","gov":true}'::jsonb, 2);
insert into milestones (opp_id, id, title, date_label, ord) values ('gisul-jeongi', 'm2', '실기', '필기 후', 1);
insert into subquests (opp_id, id, milestone_id, text, size, xp, stat, default_done, service, ord) values ('gisul-jeongi', 's4', 'm2', '배선 작업 영상 학습', 'M', 38, 'craft', false, null, 0);
insert into subquests (opp_id, id, milestone_id, text, size, xp, stat, default_done, service, ord) values ('gisul-jeongi', 's5', 'm2', '실기 응시', 'L', 90, 'craft', false, null, 1);
insert into opportunities (id, cat, stat, title, hot, sub, what, eligibility, apply_where, source, verified, cost, deadline, unlock_dday, started, reward, why, expected_pct, status, img, ord, tags) values ('jori', '자격증', 'craft', '한식조리기능사', false, '취사병이면 절반은 먹고 들어간다', '요식업·급식 분야 기본 국가기술자격. 상시검정이라 일정이 유연하다.', '전 군 공통 (취사병 실습 경험 유리)', 'Q-Net (상시검정)', '한국산업인력공단 · q-net.or.kr', '2026.05', '응시료 자기개발비 대상', '2026-08-30', null, false, '{"kind":"cert","finish":"자격증","label":"국가기술자격 + 포상휴가 (부대 내규)","note":"부대 내규"}'::jsonb, '매일 하는 일이 곧 시험 준비. 자격증으로 박제하자.', 0, 'on', 'https://images.unsplash.com/photo-1546410531-bb4caa6b424d?w=720&h=420&fit=crop&q=72', 14, '["cert_tech"]'::jsonb);
insert into milestones (opp_id, id, title, date_label, ord) values ('jori', 'm1', '필기', '~D-40', 0);
insert into subquests (opp_id, id, milestone_id, text, size, xp, stat, default_done, service, ord) values ('jori', 's1', 'm1', '위생·재료 이론 기출 2회분', 'M', 38, 'craft', false, null, 0);
insert into subquests (opp_id, id, milestone_id, text, size, xp, stat, default_done, service, ord) values ('jori', 's2', 'm1', '필기 접수 + 응시', 'M', 38, 'craft', false, '{"name":"Q-Net","kind":"접수","gov":true}'::jsonb, 1);
insert into milestones (opp_id, id, title, date_label, ord) values ('jori', 'm2', '실기', '~D-10', 1);
insert into subquests (opp_id, id, milestone_id, text, size, xp, stat, default_done, service, ord) values ('jori', 's3', 'm2', '실기 과제 레시피 암기', 'L', 90, 'craft', false, null, 0);
insert into subquests (opp_id, id, milestone_id, text, size, xp, stat, default_done, service, ord) values ('jori', 's4', 'm2', '실기 응시', 'L', 90, 'craft', false, null, 1);
insert into opportunities (id, cat, stat, title, hot, sub, what, eligibility, apply_where, source, verified, cost, deadline, unlock_dday, started, reward, why, expected_pct, status, img, ord, tags) values ('daehyeong', '자격증', 'craft', '운전면허 1종대형', false, '군 운전병 부대 취득 지원', '수송 특기 병사는 복무 중 1종대형 취득을 지원받을 수 있다. 버스·화물 취업의 기본.', '운전병·수송 특기 우선 · 1종보통 취득 후 1년 경과', '소속 수송부 · 부대 공지', '육군 수송 교육 안내 · 부대 내규', '2026.04', '부대 지원 시 무료', '2027-03-28', null, false, '{"kind":"cert","finish":"면허","label":"1종대형 면허 (취업 직결)","note":"지원 여부는 부대 내규"}'::jsonb, '군에서 공짜로 따는 대형면허. 사회에선 학원비 수십만원.', 0, 'on', 'https://images.unsplash.com/photo-1450101499163-c8848c66ca85?w=720&h=420&fit=crop&q=72', 15, '["cert_tech","career"]'::jsonb);
insert into milestones (opp_id, id, title, date_label, ord) values ('daehyeong', 'm1', '요건 확인', '~D-60', 0);
insert into subquests (opp_id, id, milestone_id, text, size, xp, stat, default_done, service, ord) values ('daehyeong', 's1', 'm1', '1종보통 1년 경과 확인', 'S', 15, 'craft', false, null, 0);
insert into subquests (opp_id, id, milestone_id, text, size, xp, stat, default_done, service, ord) values ('daehyeong', 's2', 'm1', '수송부에 지원 절차 문의', 'S', 15, 'people', false, null, 1);
insert into milestones (opp_id, id, title, date_label, ord) values ('daehyeong', 'm2', '교육 + 시험', '부대 일정', 1);
insert into subquests (opp_id, id, milestone_id, text, size, xp, stat, default_done, service, ord) values ('daehyeong', 's3', 'm2', '코스·도로 연습 참여', 'L', 90, 'craft', false, null, 0);
insert into subquests (opp_id, id, milestone_id, text, size, xp, stat, default_done, service, ord) values ('daehyeong', 's4', 'm2', '기능시험 응시', 'L', 90, 'craft', false, null, 1);
insert into opportunities (id, cat, stat, title, hot, sub, what, eligibility, apply_where, source, verified, cost, deadline, unlock_dday, started, reward, why, expected_pct, status, img, ord, tags) values ('wiheomul', '자격증', 'craft', '위험물기능사', false, '주유·화학·소방 분야 필수 자격', '위험물 취급 국가기술자격. 시설·안전 직무 채용에서 꾸준히 찾는다.', '전 군 공통 (응시자격 제한 없음)', 'Q-Net', '한국산업인력공단 · q-net.or.kr', '2026.05', '응시료 자기개발비 대상', '2026-09-20', null, false, '{"kind":"cert","finish":"자격증","label":"국가기술자격 + 포상휴가 (부대 내규)","note":"부대 내규"}'::jsonb, '암기형이라 생활관 학습과 찰떡. 수요는 꾸준하다.', 0, 'on', 'https://images.unsplash.com/photo-1434030216411-0b793f4b4173?w=720&h=420&fit=crop&q=72', 16, '["cert_tech"]'::jsonb);
insert into milestones (opp_id, id, title, date_label, ord) values ('wiheomul', 'm1', '필기', '~D-30', 0);
insert into subquests (opp_id, id, milestone_id, text, size, xp, stat, default_done, service, ord) values ('wiheomul', 's1', 'm1', '화재예방·소화 기출 1회분', 'M', 38, 'craft', false, null, 0);
insert into subquests (opp_id, id, milestone_id, text, size, xp, stat, default_done, service, ord) values ('wiheomul', 's2', 'm1', '위험물 성질 암기 카드 만들기', 'M', 38, 'craft', false, null, 1);
insert into subquests (opp_id, id, milestone_id, text, size, xp, stat, default_done, service, ord) values ('wiheomul', 's3', 'm1', '필기 접수 + 응시', 'M', 38, 'craft', false, '{"name":"Q-Net","kind":"접수","gov":true}'::jsonb, 2);
insert into milestones (opp_id, id, title, date_label, ord) values ('wiheomul', 'm2', '실기', '필기 후', 1);
insert into subquests (opp_id, id, milestone_id, text, size, xp, stat, default_done, service, ord) values ('wiheomul', 's4', 'm2', '실기 필답 기출 2회분', 'L', 90, 'craft', false, null, 0);
insert into subquests (opp_id, id, milestone_id, text, size, xp, stat, default_done, service, ord) values ('wiheomul', 's5', 'm2', '실기 응시', 'L', 90, 'craft', false, null, 1);
insert into opportunities (id, cat, stat, title, hot, sub, what, eligibility, apply_where, source, verified, cost, deadline, unlock_dday, started, reward, why, expected_pct, status, img, ord, tags) values ('adsp', '자격증', 'craft', 'ADsP 데이터분석 준전문가', false, '데이터 직무 입문 자격 · 필기만으로 끝', '한국데이터산업진흥원의 데이터분석 입문 자격. 실기 없이 필기 한 번으로 취득.', '전 군 공통 (응시자격 제한 없음)', 'dataq.or.kr', '한국데이터산업진흥원', '2026.05', '응시료 자기개발비 대상', '2026-08-09', null, false, '{"kind":"cert","finish":"자격증","label":"데이터 직무 입문 스펙","note":"연 4회 시행"}'::jsonb, '시험 한 번이면 끝. 데이터 직무 이력서의 첫 줄.', 0, 'on', 'https://images.unsplash.com/photo-1551288049-bebda4e38f71?w=720&h=420&fit=crop&q=72', 17, '["coding","cert_tech"]'::jsonb);
insert into milestones (opp_id, id, title, date_label, ord) values ('adsp', 'm1', '개념', '~D-25', 0);
insert into subquests (opp_id, id, milestone_id, text, size, xp, stat, default_done, service, ord) values ('adsp', 's1', 'm1', '데이터 이해 파트 1회독', 'M', 38, 'craft', false, null, 0);
insert into subquests (opp_id, id, milestone_id, text, size, xp, stat, default_done, service, ord) values ('adsp', 's2', 'm1', '분석 기획 파트 1회독', 'M', 38, 'craft', false, null, 1);
insert into subquests (opp_id, id, milestone_id, text, size, xp, stat, default_done, service, ord) values ('adsp', 's3', 'm1', '통계·분석 파트 1회독', 'L', 90, 'craft', false, null, 2);
insert into milestones (opp_id, id, title, date_label, ord) values ('adsp', 'm2', '실전', '~D-5', 1);
insert into subquests (opp_id, id, milestone_id, text, size, xp, stat, default_done, service, ord) values ('adsp', 's4', 'm2', '기출 2회분 풀기', 'M', 38, 'craft', false, null, 0);
insert into subquests (opp_id, id, milestone_id, text, size, xp, stat, default_done, service, ord) values ('adsp', 's5', 'm2', '접수 + 응시', 'M', 38, 'craft', false, '{"name":"dataq.or.kr","kind":"접수","gov":true}'::jsonb, 1);
insert into opportunities (id, cat, stat, title, hot, sub, what, eligibility, apply_where, source, verified, cost, deadline, unlock_dday, started, reward, why, expected_pct, status, img, ord, tags) values ('speaking', '어학', 'craft', '영어 스피킹 IH (오픽·토익스피킹)', false, '대기업 지원 최소선 · 상시 응시', '대기업·공기업 채용에서 점점 더 보는 말하기 점수. OPIc IH 또는 토익스피킹 동급이 목표.', '전 군 공통', 'OPIc · YBM 토익스피킹', 'opic.or.kr · exam.toeicswt.co.kr', '2026.05', '응시료 자기개발비 대상', '2026-08-15', null, false, '{"kind":"휴가","finish":"+2~4일","maxDays":4,"label":"어학 포상휴가 (부대 내규) + 취업 스펙","note":"어학 포상휴가는 부대별 상이"}'::jsonb, '읽기 점수는 다 있다. 말하기가 진짜 차별화.', 0, 'on', 'https://images.unsplash.com/photo-1513258496099-48168024aec0?w=720&h=420&fit=crop&q=72', 18, '["language","career"]'::jsonb);
insert into milestones (opp_id, id, title, date_label, ord) values ('speaking', 'm1', '루틴', '~D-30', 0);
insert into subquests (opp_id, id, milestone_id, text, size, xp, stat, default_done, service, ord) values ('speaking', 's1', 'm1', '자기소개 답변 스크립트 작성', 'M', 38, 'craft', false, null, 0);
insert into subquests (opp_id, id, milestone_id, text, size, xp, stat, default_done, service, ord) values ('speaking', 's2', 'm1', '주제별 답변 10개 녹음', 'L', 90, 'craft', false, null, 1);
insert into subquests (opp_id, id, milestone_id, text, size, xp, stat, default_done, service, ord) values ('speaking', 's3', 'm1', '전화영어 주 2회 (밀리어학)', 'M', 38, 'craft', false, '{"name":"나라사랑포털","kind":"학습","gov":true}'::jsonb, 2);
insert into milestones (opp_id, id, title, date_label, ord) values ('speaking', 'm2', '응시', '~D-7', 1);
insert into subquests (opp_id, id, milestone_id, text, size, xp, stat, default_done, service, ord) values ('speaking', 's4', 'm2', '모의 1세트 셀프 녹화', 'M', 38, 'craft', false, null, 0);
insert into subquests (opp_id, id, milestone_id, text, size, xp, stat, default_done, service, ord) values ('speaking', 's5', 'm2', '시험 접수 + 응시', 'M', 38, 'craft', false, null, 1);
insert into opportunities (id, cat, stat, title, hot, sub, what, eligibility, apply_where, source, verified, cost, deadline, unlock_dday, started, reward, why, expected_pct, status, img, ord, tags) values ('jlpt', '어학', 'mind', 'JLPT N2', false, '12월 시험 · 접수 9월 · 일본 취업·교환 기본선', '일본어능력시험 N2는 일본계 기업·교환학생의 사실상 커트라인. 연 2회뿐이라 역산이 중요.', '전 군 공통', 'jlpt.or.kr', 'JLPT 한국 시행처', '2026.05', '응시료 자기개발비 대상', '2026-12-06', null, false, '{"kind":"cert","finish":"N2","label":"JLPT N2 인증 + 어학 포상휴가 (부대 내규)","note":"부대 내규"}'::jsonb, '연 2회뿐인 시험. 12월을 놓치면 반년이 사라진다.', 0, 'on', 'https://images.unsplash.com/photo-1481627834876-b7833e8f5570?w=720&h=420&fit=crop&q=72', 19, '["language"]'::jsonb);
insert into milestones (opp_id, id, title, date_label, ord) values ('jlpt', 'm1', '기초 체력', '~D-120', 0);
insert into subquests (opp_id, id, milestone_id, text, size, xp, stat, default_done, service, ord) values ('jlpt', 's1', 'm1', 'N2 한자 800자 1회독', 'L', 90, 'mind', false, null, 0);
insert into subquests (opp_id, id, milestone_id, text, size, xp, stat, default_done, service, ord) values ('jlpt', 's2', 'm1', '문법 100문형 정리', 'L', 90, 'mind', false, null, 1);
insert into milestones (opp_id, id, title, date_label, ord) values ('jlpt', 'm2', '접수 + 실전', '~D-60', 1);
insert into subquests (opp_id, id, milestone_id, text, size, xp, stat, default_done, service, ord) values ('jlpt', 's3', 'm2', '9월 접수 기간에 접수', 'S', 15, 'mind', false, '{"name":"jlpt.or.kr","kind":"접수","gov":false}'::jsonb, 0);
insert into subquests (opp_id, id, milestone_id, text, size, xp, stat, default_done, service, ord) values ('jlpt', 's4', 'm2', '기출 2회분 풀기', 'L', 90, 'mind', false, null, 1);
insert into milestones (opp_id, id, title, date_label, ord) values ('jlpt', 'm3', '응시', 'D-day', 2);
insert into subquests (opp_id, id, milestone_id, text, size, xp, stat, default_done, service, ord) values ('jlpt', 's5', 'm3', '청해 모의 1회', 'M', 38, 'mind', false, null, 0);
insert into subquests (opp_id, id, milestone_id, text, size, xp, stat, default_done, service, ord) values ('jlpt', 's6', 'm3', '응시 + 성적 확인', 'L', 90, 'mind', false, null, 1);
insert into opportunities (id, cat, stat, title, hot, sub, what, eligibility, apply_where, source, verified, cost, deadline, unlock_dday, started, reward, why, expected_pct, status, img, ord, tags) values ('hsk', '어학', 'mind', 'HSK 4급', false, '매월 시행 · 중국어 이력서 최소선', '중국어 능력 표준시험. 4급부터 이력서에 쓸 수 있는 급수로 본다.', '전 군 공통', 'HSK 한국사무국', 'hsk-korea.co.kr', '2026.05', '응시료 자기개발비 대상', '2026-09-12', null, false, '{"kind":"cert","finish":"4급","label":"HSK 4급 + 어학 포상휴가 (부대 내규)","note":"부대 내규"}'::jsonb, '매월 시험이 있다. 단어 1,200개면 충분히 닿는다.', 0, 'on', 'https://images.unsplash.com/photo-1456513080510-7bf3a84b82f8?w=720&h=420&fit=crop&q=72', 20, '["language"]'::jsonb);
insert into milestones (opp_id, id, title, date_label, ord) values ('hsk', 'm1', '단어', '~D-45', 0);
insert into subquests (opp_id, id, milestone_id, text, size, xp, stat, default_done, service, ord) values ('hsk', 's1', 'm1', '4급 단어 600개 암기', 'L', 90, 'mind', false, null, 0);
insert into subquests (opp_id, id, milestone_id, text, size, xp, stat, default_done, service, ord) values ('hsk', 's2', 'm1', '4급 단어 1,200개 완성', 'L', 90, 'mind', false, null, 1);
insert into milestones (opp_id, id, title, date_label, ord) values ('hsk', 'm2', '실전', '~D-10', 1);
insert into subquests (opp_id, id, milestone_id, text, size, xp, stat, default_done, service, ord) values ('hsk', 's3', 'm2', '듣기 기출 1회분', 'M', 38, 'mind', false, null, 0);
insert into subquests (opp_id, id, milestone_id, text, size, xp, stat, default_done, service, ord) values ('hsk', 's4', 'm2', '독해·쓰기 기출 1회분', 'M', 38, 'mind', false, null, 1);
insert into subquests (opp_id, id, milestone_id, text, size, xp, stat, default_done, service, ord) values ('hsk', 's5', 'm2', '접수 + 응시', 'M', 38, 'mind', false, null, 2);
insert into opportunities (id, cat, stat, title, hot, sub, what, eligibility, apply_where, source, verified, cost, deadline, unlock_dday, started, reward, why, expected_pct, status, img, ord, tags) values ('jeokmax', '금융', 'money', '장병내일적금 한도 풀납입', false, '월 55만 한도 + 2계좌 분산 점검', '납입한도를 꽉 채워야 정부 매칭도 최대. 한도 상향과 2계좌 분산을 한 번에 점검한다.', '장병내일준비적금 가입자', '가입 은행 앱', 'mnd.go.kr · 병무청', '2026.05', '무료', '2026-07-31', null, false, '{"kind":"money","finish":"+매칭 최대","label":"정부 매칭 극대화 (납입액 비례)","note":"만기까지 유지 시"}'::jsonb, '같은 18개월, 납입만 늘려도 전역 통장이 달라진다.', 0, 'on', 'https://images.unsplash.com/photo-1554224155-6726b3ff858f?w=720&h=420&fit=crop&q=72', 21, '["finance"]'::jsonb);
insert into milestones (opp_id, id, title, date_label, ord) values ('jeokmax', 'm1', '점검', '~D-20', 0);
insert into subquests (opp_id, id, milestone_id, text, size, xp, stat, default_done, service, ord) values ('jeokmax', 's1', 'm1', '현재 월 납입액 확인', 'S', 15, 'money', false, null, 0);
insert into subquests (opp_id, id, milestone_id, text, size, xp, stat, default_done, service, ord) values ('jeokmax', 's2', 'm1', '한도 55만 상향 신청', 'S', 15, 'money', false, '{"name":"은행 앱","kind":"변경","gov":false}'::jsonb, 1);
insert into milestones (opp_id, id, title, date_label, ord) values ('jeokmax', 'm2', '분산', '~D-7', 1);
insert into subquests (opp_id, id, milestone_id, text, size, xp, stat, default_done, service, ord) values ('jeokmax', 's3', 'm2', '2계좌 분산 여부 결정', 'S', 15, 'money', false, null, 0);
insert into subquests (opp_id, id, milestone_id, text, size, xp, stat, default_done, service, ord) values ('jeokmax', 's4', 'm2', '자동이체 금액 재설정', 'S', 15, 'money', false, null, 1);
insert into opportunities (id, cat, stat, title, hot, sub, what, eligibility, apply_where, source, verified, cost, deadline, unlock_dday, started, reward, why, expected_pct, status, img, ord, tags) values ('bonggeup', '금융', 'money', '병 봉급 적립 챌린지', false, '월 자기관리 · 봉급의 50% 이상 저축', '병 봉급이 크게 오른 시대. 매달 저축률 50%를 지키는 셀프 챌린지다.', '현역병 전원', '셀프 챌린지 (은행 앱 + 가계부)', '국방부 봉급 인상 발표', '2026.05', '무료', '2027-03-28', null, false, '{"kind":"money","finish":"습관","label":"저축률 50% 습관 + 전역 자금","note":"적금과 별도 비상금 형성"}'::jsonb, '봉급은 오르는데 통장이 그대로면 내 문제다.', 0, 'on', 'https://images.unsplash.com/photo-1460925895917-afdab827c52f?w=720&h=420&fit=crop&q=72', 22, '["finance"]'::jsonb);
insert into milestones (opp_id, id, title, date_label, ord) values ('bonggeup', 'm1', '세팅', '~D-14', 0);
insert into subquests (opp_id, id, milestone_id, text, size, xp, stat, default_done, service, ord) values ('bonggeup', 's1', 'm1', '월 고정지출 목록 작성', 'S', 15, 'money', false, null, 0);
insert into subquests (opp_id, id, milestone_id, text, size, xp, stat, default_done, service, ord) values ('bonggeup', 's2', 'm1', '저축률 목표(50%+) 확정', 'S', 15, 'money', false, null, 1);
insert into milestones (opp_id, id, title, date_label, ord) values ('bonggeup', 'm2', '매달 루틴', '매달', 1);
insert into subquests (opp_id, id, milestone_id, text, size, xp, stat, default_done, service, ord) values ('bonggeup', 's3', 'm2', '봉급일 자동이체 확인', 'S', 15, 'money', false, null, 0);
insert into subquests (opp_id, id, milestone_id, text, size, xp, stat, default_done, service, ord) values ('bonggeup', 's4', 'm2', '월말 지출 결산 10분', 'M', 38, 'money', false, null, 1);
insert into opportunities (id, cat, stat, title, hot, sub, what, eligibility, apply_where, source, verified, cost, deadline, unlock_dday, started, reward, why, expected_pct, status, img, ord, tags) values ('isa', '금융', 'money', 'ISA·청년도약계좌 사전 학습', false, '전역 후 첫 금융 세팅 · 미리 공부', '전역하면 바로 부딪히는 ISA와 청년도약계좌. D-90 구간에 구조와 가입 요건을 미리 익힌다.', '요건 충족 청년 (전역 후 가입)', '서민금융진흥원 · 은행 앱', '금융위 · 서민금융진흥원', '2026.05', '무료', '2026-09-08', 90, false, '{"kind":"money","finish":"+비과세","label":"비과세·정부기여금 혜택 선점","note":"소득·연령 요건 확인 필수"}'::jsonb, '전역 첫 달에 헤매지 않게, 군에서 미리 끝내는 공부.', 0, 'on', 'https://images.unsplash.com/photo-1554224155-6726b3ff858f?w=720&h=420&fit=crop&q=72', 23, '["finance"]'::jsonb);
insert into milestones (opp_id, id, title, date_label, ord) values ('isa', 'm1', '학습', 'D-90 해금', 0);
insert into subquests (opp_id, id, milestone_id, text, size, xp, stat, default_done, service, ord) values ('isa', 's1', 'm1', 'ISA 구조 30분 정리', 'M', 38, 'money', false, null, 0);
insert into subquests (opp_id, id, milestone_id, text, size, xp, stat, default_done, service, ord) values ('isa', 's2', 'm1', '청년도약계좌 요건 셀프 체크', 'S', 15, 'money', false, null, 1);
insert into milestones (opp_id, id, title, date_label, ord) values ('isa', 'm2', '플랜', '전역 전', 1);
insert into subquests (opp_id, id, milestone_id, text, size, xp, stat, default_done, service, ord) values ('isa', 's3', 'm2', '적금 만기금 배분 계획 작성', 'M', 38, 'money', false, null, 0);
insert into subquests (opp_id, id, milestone_id, text, size, xp, stat, default_done, service, ord) values ('isa', 's4', 'm2', '가입 은행 1곳 정하기', 'S', 15, 'money', false, null, 1);
insert into opportunities (id, cat, stat, title, hot, sub, what, eligibility, apply_where, source, verified, cost, deadline, unlock_dday, started, reward, why, expected_pct, status, img, ord, tags) values ('hakbank', '학점', 'mind', '학점은행제 원격강좌', false, '학기 6학점 · 등록금 80% 환급', '복무 중 원격강좌로 학점을 쌓는다. 군 복무 학점 인정과 등록금 환급까지.', '전 군 공통 (소속 대학·학점은행 등록자)', '나라사랑포털 · 학점은행제(cb.or.kr)', '국가평생교육진흥원', '2026.05', '등록금 80% 환급 대상', '2026-08-20', null, false, '{"kind":"cert","finish":"6학점","label":"학기 최대 6학점 (연 12학점)","note":"환급 요건은 수료 기준"}'::jsonb, '동기들 1학기 앞설 기회. 침대에서 학점이 쌓인다.', 0, 'on', 'https://images.unsplash.com/photo-1523240795612-9a054b0db644?w=720&h=420&fit=crop&q=72', 24, '["university"]'::jsonb);
insert into milestones (opp_id, id, title, date_label, ord) values ('hakbank', 'm1', '신청', '~D-30', 0);
insert into subquests (opp_id, id, milestone_id, text, size, xp, stat, default_done, service, ord) values ('hakbank', 's1', 'm1', '수강 가능 강좌 3개 비교', 'M', 38, 'mind', false, null, 0);
insert into subquests (opp_id, id, milestone_id, text, size, xp, stat, default_done, service, ord) values ('hakbank', 's2', 'm1', '2학기 수강 신청', 'S', 15, 'mind', false, '{"name":"나라사랑포털","kind":"신청","gov":true}'::jsonb, 1);
insert into milestones (opp_id, id, title, date_label, ord) values ('hakbank', 'm2', '수강', '학기 중', 1);
insert into subquests (opp_id, id, milestone_id, text, size, xp, stat, default_done, service, ord) values ('hakbank', 's3', 'm2', '주 2회 강의 수강 루틴', 'L', 90, 'mind', false, null, 0);
insert into subquests (opp_id, id, milestone_id, text, size, xp, stat, default_done, service, ord) values ('hakbank', 's4', 'm2', '중간·기말 과제 제출', 'L', 90, 'mind', false, null, 1);
insert into milestones (opp_id, id, title, date_label, ord) values ('hakbank', 'm3', '환급', '수료 후', 2);
insert into subquests (opp_id, id, milestone_id, text, size, xp, stat, default_done, service, ord) values ('hakbank', 's5', 'm3', '성적 확인 + 등록금 환급 신청', 'S', 15, 'money', false, '{"name":"나라사랑포털","kind":"환급","gov":true}'::jsonb, 0);
insert into subquests (opp_id, id, milestone_id, text, size, xp, stat, default_done, service, ord) values ('hakbank', 's6', 'm3', '다음 학기 수강 계획 작성', 'S', 15, 'mind', false, null, 1);
insert into opportunities (id, cat, stat, title, hot, sub, what, eligibility, apply_where, source, verified, cost, deadline, unlock_dday, started, reward, why, expected_pct, status, img, ord, tags) values ('elearn', '교육', 'craft', '군 e-러닝 어학 루틴', false, '밀리어학 전화영어 · 8,000+ 무료/할인 강좌', '나라사랑포털의 군 e-러닝. 전화영어와 어학·IT 강좌를 복무 내내 무료/할인으로.', '전 군 공통', '나라사랑포털 → 군 e-러닝', '나라사랑포털', '2026.05', '무료/할인', '2027-03-28', null, false, '{"kind":"cert","finish":"수료증","label":"수료증 + 어학 기초 체력","note":"강좌별 수료 기준 상이"}'::jsonb, '이미 낸 세금으로 깔린 강의 8,000개. 안 들으면 손해.', 0, 'on', 'https://images.unsplash.com/photo-1517245386807-bb43f82c33c4?w=720&h=420&fit=crop&q=72', 25, '["language","university"]'::jsonb);
insert into milestones (opp_id, id, title, date_label, ord) values ('elearn', 'm1', '세팅', '~D-14', 0);
insert into subquests (opp_id, id, milestone_id, text, size, xp, stat, default_done, service, ord) values ('elearn', 's1', 'm1', '나라사랑포털 e-러닝 가입', 'S', 15, 'craft', false, '{"name":"나라사랑포털","kind":"등록","gov":true}'::jsonb, 0);
insert into subquests (opp_id, id, milestone_id, text, size, xp, stat, default_done, service, ord) values ('elearn', 's2', 'm1', '전화영어 레벨테스트', 'S', 15, 'craft', false, null, 1);
insert into milestones (opp_id, id, title, date_label, ord) values ('elearn', 'm2', '루틴', '매주', 1);
insert into subquests (opp_id, id, milestone_id, text, size, xp, stat, default_done, service, ord) values ('elearn', 's3', 'm2', '전화영어 주 2회', 'M', 38, 'craft', false, null, 0);
insert into subquests (opp_id, id, milestone_id, text, size, xp, stat, default_done, service, ord) values ('elearn', 's4', 'm2', '어학 강좌 주 1강', 'M', 38, 'craft', false, null, 1);
insert into milestones (opp_id, id, title, date_label, ord) values ('elearn', 'm3', '수료', '분기', 2);
insert into subquests (opp_id, id, milestone_id, text, size, xp, stat, default_done, service, ord) values ('elearn', 's5', 'm3', '강좌 1개 수료증 발급', 'S', 15, 'craft', false, null, 0);
insert into subquests (opp_id, id, milestone_id, text, size, xp, stat, default_done, service, ord) values ('elearn', 's6', 'm3', '다음 분기 강좌 1개 선택', 'S', 15, 'craft', false, null, 1);
insert into opportunities (id, cat, stat, title, hot, sub, what, eligibility, apply_where, source, verified, cost, deadline, unlock_dday, started, reward, why, expected_pct, status, img, ord, tags) values ('dokhak', '학점', 'mind', '독학학위제 1단계', false, '교양과정 인정시험 · 시험 한 번 = 학점', '독학으로 학사학위까지 가는 제도의 첫 관문. 교양과정 시험을 복무 중에 끝낸다.', '고졸 이상 (전 군 공통)', '국가평생교육진흥원 독학학위제', 'bdes.nile.or.kr', '2026.05', '응시료 자기개발비 대상', '2026-10-25', null, false, '{"kind":"cert","finish":"1단계","label":"교양과정 합격 (학위 단계 진입)","note":"연 1회 시행 · 일정 확인 필수"}'::jsonb, '대학 안 다녀도 학위로 가는 길. 1단계는 군에서 끝낸다.', 0, 'on', 'https://images.unsplash.com/photo-1481627834876-b7833e8f5570?w=720&h=420&fit=crop&q=72', 26, '["university"]'::jsonb);
insert into milestones (opp_id, id, title, date_label, ord) values ('dokhak', 'm1', '과목 선정', '~D-90', 0);
insert into subquests (opp_id, id, milestone_id, text, size, xp, stat, default_done, service, ord) values ('dokhak', 's1', 'm1', '응시 과목 4개 확정', 'S', 15, 'mind', false, null, 0);
insert into subquests (opp_id, id, milestone_id, text, size, xp, stat, default_done, service, ord) values ('dokhak', 's2', 'm1', '교재 4권 확보', 'S', 15, 'mind', false, null, 1);
insert into milestones (opp_id, id, title, date_label, ord) values ('dokhak', 'm2', '학습', '~D-30', 1);
insert into subquests (opp_id, id, milestone_id, text, size, xp, stat, default_done, service, ord) values ('dokhak', 's3', 'm2', '과목별 기출 1회분씩', 'L', 90, 'mind', false, null, 0);
insert into subquests (opp_id, id, milestone_id, text, size, xp, stat, default_done, service, ord) values ('dokhak', 's4', 'm2', '취약 과목 오답 정리', 'M', 38, 'mind', false, null, 1);
insert into milestones (opp_id, id, title, date_label, ord) values ('dokhak', 'm3', '응시', 'D-day', 2);
insert into subquests (opp_id, id, milestone_id, text, size, xp, stat, default_done, service, ord) values ('dokhak', 's5', 'm3', '접수 + 응시', 'M', 38, 'mind', false, '{"name":"독학학위제","kind":"접수","gov":true}'::jsonb, 0);
insert into subquests (opp_id, id, milestone_id, text, size, xp, stat, default_done, service, ord) values ('dokhak', 's6', 'm3', '합격 확인 + 2단계 계획 작성', 'S', 15, 'mind', false, null, 1);
insert into opportunities (id, cat, stat, title, hot, sub, what, eligibility, apply_where, source, verified, cost, deadline, unlock_dday, started, reward, why, expected_pct, status, img, ord, tags) values ('kmooc', '교육', 'mind', 'K-MOOC 수료', false, '대학 강의 무료 수강 · 수료증 발급', '국내 대학 강의를 무료로 듣는 K-MOOC. 수료증은 자소서의 학습 근거가 된다.', '전 군 공통 (사이버지식정보방 이용)', 'kmooc.kr', '국가평생교육진흥원 · kmooc.kr', '2026.05', '무료', '2027-03-28', null, false, '{"kind":"cert","finish":"수료증","label":"대학 강의 수료증 (일부 학점 연계)","note":"강좌별 인정 범위 상이"}'::jsonb, '서울대 강의도 공짜. 수료증 한 장이 자소서 한 문단.', 0, 'on', 'https://images.unsplash.com/photo-1498050108023-c5249f4df085?w=720&h=420&fit=crop&q=72', 27, '["university","coding"]'::jsonb);
insert into milestones (opp_id, id, title, date_label, ord) values ('kmooc', 'm1', '선택', '~D-14', 0);
insert into subquests (opp_id, id, milestone_id, text, size, xp, stat, default_done, service, ord) values ('kmooc', 's1', 'm1', '진로 관련 강좌 3개 비교', 'S', 15, 'mind', false, null, 0);
insert into subquests (opp_id, id, milestone_id, text, size, xp, stat, default_done, service, ord) values ('kmooc', 's2', 'm1', '수강 신청', 'S', 15, 'mind', false, '{"name":"K-MOOC","kind":"등록","gov":true}'::jsonb, 1);
insert into milestones (opp_id, id, title, date_label, ord) values ('kmooc', 'm2', '완주', '~8주', 1);
insert into subquests (opp_id, id, milestone_id, text, size, xp, stat, default_done, service, ord) values ('kmooc', 's3', 'm2', '주 2강 수강 루틴', 'L', 90, 'mind', false, null, 0);
insert into subquests (opp_id, id, milestone_id, text, size, xp, stat, default_done, service, ord) values ('kmooc', 's4', 'm2', '퀴즈·과제 전부 제출', 'M', 38, 'mind', false, null, 1);
insert into subquests (opp_id, id, milestone_id, text, size, xp, stat, default_done, service, ord) values ('kmooc', 's5', 'm2', '수료증 발급', 'S', 15, 'mind', false, null, 2);
insert into opportunities (id, cat, stat, title, hot, sub, what, eligibility, apply_where, source, verified, cost, deadline, unlock_dday, started, reward, why, expected_pct, status, img, ord, tags) values ('defstartup', '대회', 'edge', '국방 스타트업 챌린지', true, '국방부 × 창업진흥원 · 장병 창업 등용문', '국방 문제를 푸는 창업 아이디어 경진. 수상팀은 사업화 지원과 후속 창업 프로그램으로 이어진다.', '현역 장병 (개인·팀)', 'K-Startup · 국방부 공지', '국방부 · 창업진흥원', '2026.05', '무료', '2026-08-14', null, false, '{"kind":"휴가","finish":"+2~4일","maxDays":4,"label":"수상 포상휴가 (부대 내규) + 사업화 연계","note":"부대 내규"}'::jsonb, '군에서 본 불편함이 곧 아이템. 수상하면 창업 트랙 직행.', 0, 'on', 'https://images.unsplash.com/photo-1542744173-8e7e53415bb0?w=720&h=420&fit=crop&q=72', 28, '["startup"]'::jsonb);
insert into milestones (opp_id, id, title, date_label, ord) values ('defstartup', 'm1', '아이템', '~D-40', 0);
insert into subquests (opp_id, id, milestone_id, text, size, xp, stat, default_done, service, ord) values ('defstartup', 's1', 'm1', '군 생활 불편함 10개 메모', 'S', 15, 'edge', false, null, 0);
insert into subquests (opp_id, id, milestone_id, text, size, xp, stat, default_done, service, ord) values ('defstartup', 's2', 'm1', '아이템 1개 선정 + 검증 질문 작성', 'M', 38, 'edge', false, null, 1);
insert into milestones (opp_id, id, title, date_label, ord) values ('defstartup', 'm2', '제안서', '~D-14', 1);
insert into subquests (opp_id, id, milestone_id, text, size, xp, stat, default_done, service, ord) values ('defstartup', 's3', 'm2', '문제-해결 1장 요약', 'M', 38, 'edge', false, null, 0);
insert into subquests (opp_id, id, milestone_id, text, size, xp, stat, default_done, service, ord) values ('defstartup', 's4', 'm2', '제안서 작성', 'L', 90, 'edge', false, null, 1);
insert into milestones (opp_id, id, title, date_label, ord) values ('defstartup', 'm3', '접수', '~D-3', 2);
insert into subquests (opp_id, id, milestone_id, text, size, xp, stat, default_done, service, ord) values ('defstartup', 's5', 'm3', '온라인 접수', 'S', 15, 'edge', false, '{"name":"K-Startup","kind":"접수","gov":true}'::jsonb, 0);
insert into subquests (opp_id, id, milestone_id, text, size, xp, stat, default_done, service, ord) values ('defstartup', 's6', 'm3', '발표 대비 예상 Q&A 5개 작성', 'M', 38, 'people', false, null, 1);
insert into opportunities (id, cat, stat, title, hot, sub, what, eligibility, apply_where, source, verified, cost, deadline, unlock_dday, started, reward, why, expected_pct, status, img, ord, tags) values ('munhak', '대회', 'mind', '병영문학상·독서왕', false, '국방일보 주관 · 글 한 편으로 도전', '장병 대상 문학 공모. 시·수필·독후감 부문이 있어 독서 루틴과 바로 이어진다.', '현역 장병', '국방일보 공모 안내', '국방홍보원 · 국방일보', '2026.05', '무료', '2026-09-04', null, false, '{"kind":"휴가","finish":"+2~4일","maxDays":4,"label":"입상 포상휴가 (부대 내규) + 상금","note":"부대 내규"}'::jsonb, '진중문고는 공짜, 원고지는 무기다. 읽은 만큼 쓴다.', 0, 'on', 'https://images.unsplash.com/photo-1456513080510-7bf3a84b82f8?w=720&h=420&fit=crop&q=72', 29, '["reading","content"]'::jsonb);
insert into milestones (opp_id, id, title, date_label, ord) values ('munhak', 'm1', '독서', '~D-50', 0);
insert into subquests (opp_id, id, milestone_id, text, size, xp, stat, default_done, service, ord) values ('munhak', 's1', 'm1', '진중문고 1권 완독', 'L', 90, 'mind', false, null, 0);
insert into subquests (opp_id, id, milestone_id, text, size, xp, stat, default_done, service, ord) values ('munhak', 's2', 'm1', '인상 깊은 문장 10개 수집', 'S', 15, 'mind', false, null, 1);
insert into milestones (opp_id, id, title, date_label, ord) values ('munhak', 'm2', '집필', '~D-14', 1);
insert into subquests (opp_id, id, milestone_id, text, size, xp, stat, default_done, service, ord) values ('munhak', 's3', 'm2', '초고 작성', 'L', 90, 'mind', false, null, 0);
insert into subquests (opp_id, id, milestone_id, text, size, xp, stat, default_done, service, ord) values ('munhak', 's4', 'm2', '퇴고 2회', 'M', 38, 'mind', false, null, 1);
insert into milestones (opp_id, id, title, date_label, ord) values ('munhak', 'm3', '응모', '~D-3', 2);
insert into subquests (opp_id, id, milestone_id, text, size, xp, stat, default_done, service, ord) values ('munhak', 's5', 'm3', '맞춤법 검사 돌리기', 'S', 15, 'mind', false, null, 0);
insert into subquests (opp_id, id, milestone_id, text, size, xp, stat, default_done, service, ord) values ('munhak', 's6', 'm3', '응모 양식 확인 + 제출', 'S', 15, 'mind', false, null, 1);
insert into opportunities (id, cat, stat, title, hot, sub, what, eligibility, apply_where, source, verified, cost, deadline, unlock_dday, started, reward, why, expected_pct, status, img, ord, tags) values ('kfn', '대회', 'edge', '국군방송 콘텐츠 공모전', false, 'KFN · 영상·사진·숏폼 부문', '국군방송(KFN)이 여는 장병 콘텐츠 공모. 스마트폰 하나로 찍은 숏폼도 응모 가능.', '현역 장병 (개인·팀)', 'KFN 공모 안내', '국방홍보원 · KFN', '2026.05', '무료', '2026-08-31', null, false, '{"kind":"휴가","finish":"+2~3일","maxDays":3,"label":"입상 포상휴가 (부대 내규) + 상금","note":"부대 내규"}'::jsonb, '매일 보는 군 생활이 남들에겐 콘텐츠다. 폰 하나면 충분.', 0, 'on', 'https://images.unsplash.com/photo-1522071820081-009f0129c71c?w=720&h=420&fit=crop&q=72', 30, '["content","design"]'::jsonb);
insert into milestones (opp_id, id, title, date_label, ord) values ('kfn', 'm1', '기획', '~D-30', 0);
insert into subquests (opp_id, id, milestone_id, text, size, xp, stat, default_done, service, ord) values ('kfn', 's1', 'm1', '주제·부문 정하기', 'S', 15, 'edge', false, null, 0);
insert into subquests (opp_id, id, milestone_id, text, size, xp, stat, default_done, service, ord) values ('kfn', 's2', 'm1', '스토리보드 8컷 그리기', 'M', 38, 'edge', false, null, 1);
insert into milestones (opp_id, id, title, date_label, ord) values ('kfn', 'm2', '제작', '~D-10', 1);
insert into subquests (opp_id, id, milestone_id, text, size, xp, stat, default_done, service, ord) values ('kfn', 's3', 'm2', '촬영 (보안 규정 확인)', 'L', 90, 'edge', false, null, 0);
insert into subquests (opp_id, id, milestone_id, text, size, xp, stat, default_done, service, ord) values ('kfn', 's4', 'm2', '컷 편집 + 자막', 'L', 90, 'craft', false, null, 1);
insert into milestones (opp_id, id, title, date_label, ord) values ('kfn', 'm3', '출품', '~D-3', 2);
insert into subquests (opp_id, id, milestone_id, text, size, xp, stat, default_done, service, ord) values ('kfn', 's5', 'm3', '제출 파일 규격 확인', 'S', 15, 'edge', false, null, 0);
insert into subquests (opp_id, id, milestone_id, text, size, xp, stat, default_done, service, ord) values ('kfn', 's6', 'm3', '응모 접수', 'S', 15, 'edge', false, null, 1);
insert into opportunities (id, cat, stat, title, hot, sub, what, eligibility, apply_where, source, verified, cost, deadline, unlock_dday, started, reward, why, expected_pct, status, img, ord, tags) values ('sports', '대회', 'body', '군 체육대회 종목 선발', false, '부대 대표 선발 · 축구·족구·달리기', '부대 단위 체육대회 대표 선발. 입상하면 포상으로 이어지는 부대가 많다.', '소속 부대 장병', '소속 부대 (인사과 공지)', '부대 내규', '2026.05', '무료', '2026-07-10', null, false, '{"kind":"휴가","finish":"+1~3일","maxDays":3,"label":"입상 포상휴가 (부대 내규)","note":"부대별 상이"}'::jsonb, '어차피 하는 운동, 대표로 뛰면 휴가가 걸린다.', 0, 'on', 'https://images.unsplash.com/photo-1552674605-db6ffd4facb5?w=720&h=420&fit=crop&q=72', 31, '["fitness"]'::jsonb);
insert into milestones (opp_id, id, title, date_label, ord) values ('sports', 'm1', '지원', '~D-20', 0);
insert into subquests (opp_id, id, milestone_id, text, size, xp, stat, default_done, service, ord) values ('sports', 's1', 'm1', '종목 1개 정해 지원', 'S', 15, 'body', false, null, 0);
insert into subquests (opp_id, id, milestone_id, text, size, xp, stat, default_done, service, ord) values ('sports', 's2', 'm1', '같이 나갈 동기 모으기', 'S', 15, 'people', false, null, 1);
insert into milestones (opp_id, id, title, date_label, ord) values ('sports', 'm2', '훈련', '~D-3', 1);
insert into subquests (opp_id, id, milestone_id, text, size, xp, stat, default_done, service, ord) values ('sports', 's3', 'm2', '종목 연습 주 3회', 'M', 38, 'body', false, null, 0);
insert into subquests (opp_id, id, milestone_id, text, size, xp, stat, default_done, service, ord) values ('sports', 's4', 'm2', '선발전 참가', 'M', 38, 'body', false, null, 1);
insert into opportunities (id, cat, stat, title, hot, sub, what, eligibility, apply_where, source, verified, cost, deadline, unlock_dday, started, reward, why, expected_pct, status, img, ord, tags) values ('teukgeup', '체력', 'body', '특급전사 체력검정', true, '3km·팔굽·윗몸 전 종목 특급 도전', '체력검정 전 종목 특급 달성. 다수 부대에서 포상휴가와 표창으로 직결된다.', '소속 부대 체력검정 대상', '부대 체력검정', '육군 체력검정 기준 · 부대 내규', '2026.05', '무료', '2026-08-28', null, false, '{"kind":"휴가","finish":"+3~5일","maxDays":5,"label":"특급전사 포상휴가 (부대 내규)","note":"사격 등 추가 기준은 부대 확인"}'::jsonb, '몸은 군에서 만드는 게 제일 싸다. 특급은 훈장이다.', 0, 'on', 'https://images.unsplash.com/photo-1517836357463-d25dfeac3438?w=720&h=420&fit=crop&q=72', 32, '["fitness"]'::jsonb);
insert into milestones (opp_id, id, title, date_label, ord) values ('teukgeup', 'm1', '기준 확인', '~D-60', 0);
insert into subquests (opp_id, id, milestone_id, text, size, xp, stat, default_done, service, ord) values ('teukgeup', 's1', 'm1', '특급 기준표 확인 + 현재 기록 측정', 'M', 38, 'body', false, null, 0);
insert into subquests (opp_id, id, milestone_id, text, size, xp, stat, default_done, service, ord) values ('teukgeup', 's2', 'm1', '종목별 부족분 계산', 'S', 15, 'body', false, null, 1);
insert into milestones (opp_id, id, title, date_label, ord) values ('teukgeup', 'm2', '훈련', '~D-14', 1);
insert into subquests (opp_id, id, milestone_id, text, size, xp, stat, default_done, service, ord) values ('teukgeup', 's3', 'm2', '3km 인터벌 주 3회', 'M', 38, 'body', false, null, 0);
insert into subquests (opp_id, id, milestone_id, text, size, xp, stat, default_done, service, ord) values ('teukgeup', 's4', 'm2', '팔굽·윗몸 피라미드 세트', 'M', 38, 'body', false, null, 1);
insert into subquests (opp_id, id, milestone_id, text, size, xp, stat, default_done, service, ord) values ('teukgeup', 's5', 'm2', '중간 모의 측정 1회', 'M', 38, 'body', false, null, 2);
insert into milestones (opp_id, id, title, date_label, ord) values ('teukgeup', 'm3', '검정', 'D-day', 2);
insert into subquests (opp_id, id, milestone_id, text, size, xp, stat, default_done, service, ord) values ('teukgeup', 's6', 'm3', '체력검정 전 종목 특급 응시', 'L', 90, 'body', false, null, 0);
insert into subquests (opp_id, id, milestone_id, text, size, xp, stat, default_done, service, ord) values ('teukgeup', 's7', 'm3', '결과 확인 + 포상휴가 신청', 'S', 15, 'body', false, null, 1);
insert into opportunities (id, cat, stat, title, hot, sub, what, eligibility, apply_where, source, verified, cost, deadline, unlock_dday, started, reward, why, expected_pct, status, img, ord, tags) values ('marathon', '체력', 'body', '군 마라톤 10km 완주', false, '가을 대회 시즌 · 부대 단위 참가', '군 관련 마라톤 대회 10km 완주 도전. 부대 단위 참가 공지를 노린다.', '부대 승인 장병', '부대 공지 · 대회 접수처', '부대 내규 · 대회 요강', '2026.05', '참가비 대회별 상이', '2026-10-17', null, false, '{"kind":"cert","finish":"완주","label":"완주 메달 + 기록증","note":"포상 여부는 부대 내규"}'::jsonb, '전역 전에 10km 완주 기록 하나. 평생 자랑거리.', 0, 'on', 'https://images.unsplash.com/photo-1571019613454-1cb2f99b2d8b?w=720&h=420&fit=crop&q=72', 33, '["fitness"]'::jsonb);
insert into milestones (opp_id, id, title, date_label, ord) values ('marathon', 'm1', '베이스', '~D-90', 0);
insert into subquests (opp_id, id, milestone_id, text, size, xp, stat, default_done, service, ord) values ('marathon', 's1', 'm1', '5km 쉬지 않고 달리기', 'M', 38, 'body', false, null, 0);
insert into subquests (opp_id, id, milestone_id, text, size, xp, stat, default_done, service, ord) values ('marathon', 's2', 'm1', '주 3회 러닝 루틴 고정', 'M', 38, 'body', false, null, 1);
insert into milestones (opp_id, id, title, date_label, ord) values ('marathon', 'm2', '거리 늘리기', '~D-30', 1);
insert into subquests (opp_id, id, milestone_id, text, size, xp, stat, default_done, service, ord) values ('marathon', 's3', 'm2', '8km 장거리 1회', 'L', 90, 'body', false, null, 0);
insert into subquests (opp_id, id, milestone_id, text, size, xp, stat, default_done, service, ord) values ('marathon', 's4', 'm2', '대회 접수 (부대 승인)', 'S', 15, 'body', false, null, 1);
insert into milestones (opp_id, id, title, date_label, ord) values ('marathon', 'm3', '완주', 'D-day', 2);
insert into subquests (opp_id, id, milestone_id, text, size, xp, stat, default_done, service, ord) values ('marathon', 's5', 'm3', '레이스 페이스 전략 작성', 'S', 15, 'body', false, null, 0);
insert into subquests (opp_id, id, milestone_id, text, size, xp, stat, default_done, service, ord) values ('marathon', 's6', 'm3', '10km 완주', 'L', 90, 'body', false, null, 1);
insert into opportunities (id, cat, stat, title, hot, sub, what, eligibility, apply_where, source, verified, cost, deadline, unlock_dday, started, reward, why, expected_pct, status, img, ord, tags) values ('bodyprofile', '체력', 'body', '바디프로필 6개월 플랜', false, '전역 전 인생 몸 · 식단은 짬밥으로', '체계적인 운동이 가장 쉬운 곳이 군대다. 6개월 루틴으로 촬영 가능한 몸을 만든다.', '본인 의지 (부대 체단실 이용)', '셀프 플랜 + 휴가 중 촬영 예약', '셀프 챌린지', '2026.05', '촬영비 본인 부담', '2026-12-10', null, false, '{"kind":"cert","finish":"촬영","label":"인생 사진 + 운동 습관","note":"촬영은 휴가/외출 활용"}'::jsonb, '시간·식단·헬스장 3박자가 공짜인 건 지금뿐이다.', 0, 'on', 'https://images.unsplash.com/photo-1517836357463-d25dfeac3438?w=720&h=420&fit=crop&q=72', 34, '["fitness","content"]'::jsonb);
insert into milestones (opp_id, id, title, date_label, ord) values ('bodyprofile', 'm1', '벌크', '~D-120', 0);
insert into subquests (opp_id, id, milestone_id, text, size, xp, stat, default_done, service, ord) values ('bodyprofile', 's1', 'm1', '3분할 루틴 작성', 'S', 15, 'body', false, null, 0);
insert into subquests (opp_id, id, milestone_id, text, size, xp, stat, default_done, service, ord) values ('bodyprofile', 's2', 'm1', '주 4회 웨이트 4주 유지', 'L', 90, 'body', false, null, 1);
insert into subquests (opp_id, id, milestone_id, text, size, xp, stat, default_done, service, ord) values ('bodyprofile', 's3', 'm1', '체성분 측정 기록', 'S', 15, 'body', false, null, 2);
insert into milestones (opp_id, id, title, date_label, ord) values ('bodyprofile', 'm2', '커팅', '~D-30', 1);
insert into subquests (opp_id, id, milestone_id, text, size, xp, stat, default_done, service, ord) values ('bodyprofile', 's4', 'm2', '식단 조절 4주 (짬밥 선택 전략)', 'L', 90, 'body', false, null, 0);
insert into subquests (opp_id, id, milestone_id, text, size, xp, stat, default_done, service, ord) values ('bodyprofile', 's5', 'm2', '유산소 주 3회 추가', 'M', 38, 'body', false, null, 1);
insert into milestones (opp_id, id, title, date_label, ord) values ('bodyprofile', 'm3', '촬영', 'D-day', 2);
insert into subquests (opp_id, id, milestone_id, text, size, xp, stat, default_done, service, ord) values ('bodyprofile', 's6', 'm3', '스튜디오 3곳 비교 + 예약', 'S', 15, 'body', false, null, 0);
insert into subquests (opp_id, id, milestone_id, text, size, xp, stat, default_done, service, ord) values ('bodyprofile', 's7', 'm3', '휴가 일정에 촬영 확정', 'S', 15, 'body', false, null, 1);
insert into opportunities (id, cat, stat, title, hot, sub, what, eligibility, apply_where, source, verified, cost, deadline, unlock_dday, started, reward, why, expected_pct, status, img, ord, tags) values ('jobsupport', '취업', 'people', '전역예정 장병 취업지원', false, '국방전직교육원 · 고용센터 연계', '전역 전 받을 수 있는 진로·취업 지원을 한 번에 점검한다. 진로상담부터 전직지원 제도까지.', '전역예정 장병 (제도별 대상 상이)', '국방전직교육원 · 고용센터', '국방전직교육원 · 고용노동부', '2026.05', '무료', '2026-09-08', 90, false, '{"kind":"cert","finish":"연계","label":"진로상담 + 채용 연계 프로그램","note":"전직지원금 등은 복무 형태별 대상 확인"}'::jsonb, '나라가 차려둔 취업 지원, 신청한 사람만 먹는다.', 0, 'on', 'https://images.unsplash.com/photo-1507003211169-0a1dd7228f2d?w=720&h=420&fit=crop&q=72', 35, '["career"]'::jsonb);
insert into milestones (opp_id, id, title, date_label, ord) values ('jobsupport', 'm1', '점검', 'D-90 해금', 0);
insert into subquests (opp_id, id, milestone_id, text, size, xp, stat, default_done, service, ord) values ('jobsupport', 's1', 'm1', '받을 수 있는 지원 목록 정리', 'M', 38, 'people', false, null, 0);
insert into subquests (opp_id, id, milestone_id, text, size, xp, stat, default_done, service, ord) values ('jobsupport', 's2', 'm1', '전직지원금·지원사업 대상 여부 확인', 'S', 15, 'money', false, null, 1);
insert into milestones (opp_id, id, title, date_label, ord) values ('jobsupport', 'm2', '신청', '전역 전', 1);
insert into subquests (opp_id, id, milestone_id, text, size, xp, stat, default_done, service, ord) values ('jobsupport', 's3', 'm2', '진로도움 상담 신청', 'S', 15, 'people', false, '{"name":"국방전직교육원","kind":"신청","gov":true}'::jsonb, 0);
insert into subquests (opp_id, id, milestone_id, text, size, xp, stat, default_done, service, ord) values ('jobsupport', 's4', 'm2', '워크넷 구직 등록', 'S', 15, 'people', false, '{"name":"고용24","kind":"등록","gov":true}'::jsonb, 1);
insert into opportunities (id, cat, stat, title, hot, sub, what, eligibility, apply_where, source, verified, cost, deadline, unlock_dday, started, reward, why, expected_pct, status, img, ord, tags) values ('bootcamp', '취업', 'craft', '채용연계형 SW 부트캠프', true, 'K-디지털 트레이닝 · 군 장병 사전 트랙', '전역 후 합류할 채용연계형 부트캠프를 미리 고르고, 복무 중 코딩테스트 기초를 다진다.', '현역 장병 (본 과정은 전역 후 수강)', 'HRD-Net · 각 부트캠프 홈페이지', '고용노동부 K-디지털 트레이닝', '2026.05', '국비 지원 과정 다수', '2026-08-07', null, false, '{"kind":"cert","finish":"합류","label":"국비 부트캠프 + 채용 연계","note":"과정별 선발 기준 상이"}'::jsonb, '전역하고 알아보면 늦다. 침상에서 코테 기초부터.', 0, 'on', 'https://images.unsplash.com/photo-1498050108023-c5249f4df085?w=720&h=420&fit=crop&q=72', 36, '["coding","career"]'::jsonb);
insert into milestones (opp_id, id, title, date_label, ord) values ('bootcamp', 'm1', '리서치', '~D-30', 0);
insert into subquests (opp_id, id, milestone_id, text, size, xp, stat, default_done, service, ord) values ('bootcamp', 's1', 'm1', '부트캠프 3곳 모집 요강 비교', 'M', 38, 'craft', false, null, 0);
insert into subquests (opp_id, id, milestone_id, text, size, xp, stat, default_done, service, ord) values ('bootcamp', 's2', 'm1', '선발 코테 유형 파악', 'S', 15, 'craft', false, null, 1);
insert into milestones (opp_id, id, title, date_label, ord) values ('bootcamp', 'm2', '기초 훈련', '~D-7', 1);
insert into subquests (opp_id, id, milestone_id, text, size, xp, stat, default_done, service, ord) values ('bootcamp', 's3', 'm2', '프로그래밍 기초 강의 1과정', 'L', 90, 'craft', false, null, 0);
insert into subquests (opp_id, id, milestone_id, text, size, xp, stat, default_done, service, ord) values ('bootcamp', 's4', 'm2', '쉬운 코테 문제 10개 풀기', 'L', 90, 'craft', false, null, 1);
insert into milestones (opp_id, id, title, date_label, ord) values ('bootcamp', 'm3', '지원 준비', '전역 전', 2);
insert into subquests (opp_id, id, milestone_id, text, size, xp, stat, default_done, service, ord) values ('bootcamp', 's5', 'm3', '지원 일정 캘린더 등록', 'S', 15, 'craft', false, null, 0);
insert into subquests (opp_id, id, milestone_id, text, size, xp, stat, default_done, service, ord) values ('bootcamp', 's6', 'm3', '지원서 양식 미리 작성', 'M', 38, 'craft', false, null, 1);
insert into opportunities (id, cat, stat, title, hot, sub, what, eligibility, apply_where, source, verified, cost, deadline, unlock_dday, started, reward, why, expected_pct, status, img, ord, tags) values ('resume', '취업', 'people', '이력서·자소서 완성 플랜', false, '전역 전 제출 가능한 서류 1세트', 'D-90부터 시작해 전역일에 바로 지원 가능한 이력서·자소서 1세트를 완성한다.', '전역예정 장병', '셀프 플랜 (고용24 양식 활용)', '고용24 · 잡코리아 가이드', '2026.05', '무료', '2026-09-08', 90, false, '{"kind":"cert","finish":"서류 1세트","label":"즉시 지원 가능한 이력서·자소서","note":"군 경험 직무 연결이 핵심"}'::jsonb, '전역일 = 지원 시작일. 서류는 군에서 끝내고 나간다.', 0, 'on', 'https://images.unsplash.com/photo-1486312338219-ce68d2c6f44d?w=720&h=420&fit=crop&q=72', 37, '["career"]'::jsonb);
insert into milestones (opp_id, id, title, date_label, ord) values ('resume', 'm1', '재료 모으기', 'D-90 해금', 0);
insert into subquests (opp_id, id, milestone_id, text, size, xp, stat, default_done, service, ord) values ('resume', 's1', 'm1', '군 경험·자격·수상 목록화', 'M', 38, 'people', false, null, 0);
insert into subquests (opp_id, id, milestone_id, text, size, xp, stat, default_done, service, ord) values ('resume', 's2', 'm1', '지원 직무 2개 확정', 'S', 15, 'people', false, null, 1);
insert into milestones (opp_id, id, title, date_label, ord) values ('resume', 'm2', '작성', '~D-30', 1);
insert into subquests (opp_id, id, milestone_id, text, size, xp, stat, default_done, service, ord) values ('resume', 's3', 'm2', '이력서 초안 작성', 'L', 90, 'people', false, null, 0);
insert into subquests (opp_id, id, milestone_id, text, size, xp, stat, default_done, service, ord) values ('resume', 's4', 'm2', '자소서 공통 문항 2개 작성', 'L', 90, 'people', false, null, 1);
insert into milestones (opp_id, id, title, date_label, ord) values ('resume', 'm3', '검수', '전역 전', 2);
insert into subquests (opp_id, id, milestone_id, text, size, xp, stat, default_done, service, ord) values ('resume', 's5', 'm3', '간부·선임에게 피드백 받기', 'M', 38, 'people', false, null, 0);
insert into subquests (opp_id, id, milestone_id, text, size, xp, stat, default_done, service, ord) values ('resume', 's6', 'm3', '최종본 클라우드 저장', 'S', 15, 'people', false, null, 1);
insert into opportunities (id, cat, stat, title, hot, sub, what, eligibility, apply_where, source, verified, cost, deadline, unlock_dday, started, reward, why, expected_pct, status, img, ord, tags) values ('ycsa', '창업', 'edge', '청년창업사관학교 사전준비', false, '중진공 · 최대 1억 지원 · 연초 모집', '만 39세 이하 청년창업가를 키우는 정부 대표 프로그램. 복무 중 아이템과 서류를 미리 만든다.', '만 39세 이하 예비·초기 창업자 (전역 후 지원)', 'K-Startup · 중소벤처기업진흥공단', 'kosmes.or.kr · K-Startup', '2026.05', '무료 (지원 시)', '2027-01-29', null, false, '{"kind":"money","finish":"최대 1억","label":"사업화 자금 최대 1억 + 보육","note":"선정 시 · 경쟁률 높음"}'::jsonb, '모집은 연초 한 번. 서류는 군에서 만든 사람이 이긴다.', 0, 'on', 'https://images.unsplash.com/photo-1522071820081-009f0129c71c?w=720&h=420&fit=crop&q=72', 38, '["startup"]'::jsonb);
insert into milestones (opp_id, id, title, date_label, ord) values ('ycsa', 'm1', '아이템 검증', '~D-150', 0);
insert into subquests (opp_id, id, milestone_id, text, size, xp, stat, default_done, service, ord) values ('ycsa', 's1', 'm1', '아이템 1줄 정의 + 고객 정의', 'M', 38, 'edge', false, null, 0);
insert into subquests (opp_id, id, milestone_id, text, size, xp, stat, default_done, service, ord) values ('ycsa', 's2', 'm1', '경쟁 서비스 5개 분석', 'M', 38, 'edge', false, null, 1);
insert into milestones (opp_id, id, title, date_label, ord) values ('ycsa', 'm2', '서류 초안', '~D-60', 1);
insert into subquests (opp_id, id, milestone_id, text, size, xp, stat, default_done, service, ord) values ('ycsa', 's3', 'm2', '사업계획서 양식 1회독', 'M', 38, 'edge', false, null, 0);
insert into subquests (opp_id, id, milestone_id, text, size, xp, stat, default_done, service, ord) values ('ycsa', 's4', 'm2', '사업계획서 초안 작성', 'L', 90, 'edge', false, null, 1);
insert into milestones (opp_id, id, title, date_label, ord) values ('ycsa', 'm3', '지원', '모집 공고', 2);
insert into subquests (opp_id, id, milestone_id, text, size, xp, stat, default_done, service, ord) values ('ycsa', 's5', 'm3', '제출 서류 체크리스트 점검', 'S', 15, 'edge', false, null, 0);
insert into subquests (opp_id, id, milestone_id, text, size, xp, stat, default_done, service, ord) values ('ycsa', 's6', 'm3', '공고 알림 등록 + 접수', 'S', 15, 'edge', false, '{"name":"K-Startup","kind":"접수","gov":true}'::jsonb, 1);
insert into opportunities (id, cat, stat, title, hot, sub, what, eligibility, apply_where, source, verified, cost, deadline, unlock_dday, started, reward, why, expected_pct, status, img, ord, tags) values ('yebi', '창업', 'edge', '예비창업패키지 스터디', false, '창업진흥원 · 사업화 자금 + 멘토링', '예비창업자에게 사업화 자금과 멘토링을 주는 프로그램. D-90부터 요건과 사업계획서를 스터디한다.', '예비창업자 (전역 후 지원)', 'K-Startup', '창업진흥원 · K-Startup', '2026.05', '무료 (지원 시)', '2027-02-26', 90, false, '{"kind":"money","finish":"+사업화","label":"사업화 자금 + 전담 멘토링","note":"선정 시 · 모집은 통상 연초"}'::jsonb, '전역 직후가 예비창업자 신분 그 자체. 준비된 자만 잡는다.', 0, 'on', 'https://images.unsplash.com/photo-1542744173-8e7e53415bb0?w=720&h=420&fit=crop&q=72', 39, '["startup"]'::jsonb);
insert into milestones (opp_id, id, title, date_label, ord) values ('yebi', 'm1', '스터디', 'D-90 해금', 0);
insert into subquests (opp_id, id, milestone_id, text, size, xp, stat, default_done, service, ord) values ('yebi', 's1', 'm1', '지원 요건·평가 기준 정리', 'M', 38, 'edge', false, null, 0);
insert into subquests (opp_id, id, milestone_id, text, size, xp, stat, default_done, service, ord) values ('yebi', 's2', 'm1', '전년도 선정 사례 3개 분석', 'M', 38, 'edge', false, null, 1);
insert into milestones (opp_id, id, title, date_label, ord) values ('yebi', 'm2', '준비물', '전역 전', 1);
insert into subquests (opp_id, id, milestone_id, text, size, xp, stat, default_done, service, ord) values ('yebi', 's3', 'm2', '사업계획서 PSST 구조 익히기', 'M', 38, 'edge', false, null, 0);
insert into subquests (opp_id, id, milestone_id, text, size, xp, stat, default_done, service, ord) values ('yebi', 's4', 'm2', '아이템 요약 1장 완성', 'L', 90, 'edge', false, null, 1);

-- benefits
insert into benefits (id, title, icon, tone, value, where_, branches, opp_id, headline, ord) values ('b1', '장병내일준비적금', 'wallet', 'positive', '원금 100% 정부 매칭 → 전역일 ~2,000만', '은행 앱 + 나라사랑카드', '["전군"]'::jsonb, 'jeokgeum', true, 0);
insert into benefits (id, title, icon, tone, value, where_, branches, opp_id, headline, ord) values ('b2', '자기개발비', 'coins', 'positive', '응시료·도서·강좌 80% 환급 · 연 최대 12만', '나라사랑포털 → 자기개발', '["전군"]'::jsonb, 'toeic', false, 1);
insert into benefits (id, title, icon, tone, value, where_, branches, opp_id, headline, ord) values ('b3', '국가기술자격 무료검정', 'craft', 'accent', '~82개 종목 무료 응시 (위탁검정)', '국방부 위탁검정', '["전군"]'::jsonb, 'jeongcheo', false, 2);
insert into benefits (id, title, icon, tone, value, where_, branches, opp_id, headline, ord) values ('b4', '대학 원격강좌 학점', 'graduation', 'accent', '학기당 6 / 연 12학점, 등록금 80% 환급', '나라사랑포털 → 군 e-러닝', '["전군"]'::jsonb, null, false, 3);
insert into benefits (id, title, icon, tone, value, where_, branches, opp_id, headline, ord) values ('b5', '군 e-러닝 강좌', 'book', 'accent', '8,000+ 무료/할인 (어학·IT·자격증) + 전화영어', '나라사랑포털', '["전군"]'::jsonb, null, false, 4);
insert into benefits (id, title, icon, tone, value, where_, branches, opp_id, headline, ord) values ('b6', '어학 응시료 할인', 'graduation', 'neutral', 'TOEIC 등 제휴 할인', '나라사랑포털 제휴', '["전군"]'::jsonb, 'toeic', false, 5);
insert into benefits (id, title, icon, tone, value, where_, branches, opp_id, headline, ord) values ('b7', '나라사랑카드 혜택', 'wallet', 'neutral', '제휴 할인·포인트 적립', '카드 혜택', '["전군"]'::jsonb, null, false, 6);
insert into benefits (id, title, icon, tone, value, where_, branches, opp_id, headline, ord) values ('b8', '해군 함정근무 가산점', 'shield', 'neutral', '함정 근무일 비례 자기개발 가산', '해군 인사근무', '["해군"]'::jsonb, null, false, 7);
insert into benefits (id, title, icon, tone, value, where_, branches, opp_id, headline, ord) values ('b9', '공군 어학특기 우대', 'graduation', 'neutral', '어학 성적 보직·교육 우대', '공군 인사', '["공군"]'::jsonb, null, false, 8);
insert into benefits (id, title, icon, tone, value, where_, branches, opp_id, headline, ord) values ('b10', '해병대 특수전 수당', 'medal', 'neutral', '특수 임무 수당·포상휴가 연계', '해병대 인사', '["해병대"]'::jsonb, null, false, 9);
insert into benefits (id, title, icon, tone, value, where_, branches, opp_id, headline, ord) values ('b11', '제대군인·청년 지원', 'briefcase', 'neutral', '취업·정책 연계 (전역 후)', '셀프 필터 → 포털', '["전군"]'::jsonb, null, false, 10);

-- titles (req drives automatic awarding)
insert into titles (name, descr, rarity, legendary, req, ord) values ('첫 걸음', '총 경험치 10 — 시작했다', '보유', false, '{"kind":"total","val":10}'::jsonb, 0);
insert into titles (name, descr, rarity, legendary, req, ord) values ('불굴', '14일 연속 출석', '보유', false, '{"kind":"streak","val":14}'::jsonb, 1);
insert into titles (name, descr, rarity, legendary, req, ord) values ('철벽', '전투력 60 돌파', '보유', false, '{"kind":"stat","stat":"body","val":60}'::jsonb, 2);
insert into titles (name, descr, rarity, legendary, req, ord) values ('숙련의 증표', '숙련도 70 돌파', '보유', false, '{"kind":"stat","stat":"craft","val":70}'::jsonb, 3);
insert into titles (name, descr, rarity, legendary, req, ord) values ('새벽의 독서가', '정신력 60 돌파', '보유', false, '{"kind":"stat","stat":"mind","val":60}'::jsonb, 4);
insert into titles (name, descr, rarity, legendary, req, ord) values ('분대의 기둥', '지휘력 55 돌파', '잠김', false, '{"kind":"stat","stat":"people","val":55}'::jsonb, 5);
insert into titles (name, descr, rarity, legendary, req, ord) values ('정예', '총 경험치 300 · 정예 진화', '잠김', false, '{"kind":"total","val":300}'::jsonb, 6);
insert into titles (name, descr, rarity, legendary, req, ord) values ('수호신의 주인', '총 경험치 480 · 최종 진화', '잠김', false, '{"kind":"total","val":480}'::jsonb, 7);
insert into titles (name, descr, rarity, legendary, req, ord) values ('심연의 담력', '담력 60 돌파 (최고 난도)', '잠김', true, '{"kind":"stat","stat":"edge","val":60}'::jsonb, 8);

-- quest pool (check-in regenerates "오늘 밤의 3" from these by energy)
insert into quest_pool (stat, txt, min, xp, hard, tags) values ('body', '팔굽혀펴기 50개', 5, 3, false, '["fitness"]'::jsonb);
insert into quest_pool (stat, txt, min, xp, hard, tags) values ('body', '플랭크 2분', 3, 2, false, '["fitness"]'::jsonb);
insert into quest_pool (stat, txt, min, xp, hard, tags) values ('body', '3km 러닝', 20, 5, true, '["fitness"]'::jsonb);
insert into quest_pool (stat, txt, min, xp, hard, tags) values ('mind', '책 10페이지 읽기', 10, 2, false, '["reading"]'::jsonb);
insert into quest_pool (stat, txt, min, xp, hard, tags) values ('mind', '기출 한 문제 풀기', 5, 2, false, '["civil_exam","cert_tech"]'::jsonb);
insert into quest_pool (stat, txt, min, xp, hard, tags) values ('mind', '오답 노트 30분 정리', 30, 5, true, '["civil_exam","cert_tech"]'::jsonb);
insert into quest_pool (stat, txt, min, xp, hard, tags) values ('craft', '강의 한 챕터 듣기', 15, 3, false, '["university","cert_tech"]'::jsonb);
insert into quest_pool (stat, txt, min, xp, hard, tags) values ('craft', '코드 한 줄 커밋하기', 10, 3, false, '["coding"]'::jsonb);
insert into quest_pool (stat, txt, min, xp, hard, tags) values ('money', '이번 달 납입 확인', 2, 2, false, '["finance"]'::jsonb);
insert into quest_pool (stat, txt, min, xp, hard, tags) values ('money', '지출 내역 5분 점검', 5, 2, false, '["finance"]'::jsonb);
insert into quest_pool (stat, txt, min, xp, hard, tags) values ('people', '선임/후임에게 안부 묻기', 3, 2, false, '["career"]'::jsonb);
insert into quest_pool (stat, txt, min, xp, hard, tags) values ('people', '분대 브리핑 자원하기', 10, 4, true, '["career"]'::jsonb);
insert into quest_pool (stat, txt, min, xp, hard, tags) values ('edge', '선임에게 자격증 추천받기', 3, 4, true, '["cert_tech","career"]'::jsonb);
insert into quest_pool (stat, txt, min, xp, hard, tags) values ('edge', '새로운 기회 한 개 살펴보기', 5, 2, false, '["career","startup"]'::jsonb);
insert into quest_pool (stat, txt, min, xp, hard, tags) values ('body', '턱걸이 10개 3세트', 10, 3, false, '["fitness"]'::jsonb);
insert into quest_pool (stat, txt, min, xp, hard, tags) values ('body', '취침 전 스트레칭 15분', 15, 2, false, '["fitness"]'::jsonb);
insert into quest_pool (stat, txt, min, xp, hard, tags) values ('body', '윗몸일으키기 100개', 10, 3, false, '["fitness"]'::jsonb);
insert into quest_pool (stat, txt, min, xp, hard, tags) values ('body', '인터벌 러닝 20분', 20, 5, true, '["fitness"]'::jsonb);
insert into quest_pool (stat, txt, min, xp, hard, tags) values ('mind', '영단어 30개 암기', 15, 3, false, '["language"]'::jsonb);
insert into quest_pool (stat, txt, min, xp, hard, tags) values ('mind', '일본어 한자 10개 암기', 10, 2, false, '["language"]'::jsonb);
insert into quest_pool (stat, txt, min, xp, hard, tags) values ('mind', 'HSK 단어 20개 암기', 15, 3, false, '["language"]'::jsonb);
insert into quest_pool (stat, txt, min, xp, hard, tags) values ('mind', '한국사 기출 5문제', 10, 2, false, '["civil_exam"]'::jsonb);
insert into quest_pool (stat, txt, min, xp, hard, tags) values ('mind', 'NCS 모듈형 1세트 풀기', 20, 4, true, '["civil_exam","career"]'::jsonb);
insert into quest_pool (stat, txt, min, xp, hard, tags) values ('mind', '독후감 5줄 쓰기', 10, 2, false, '["reading"]'::jsonb);
insert into quest_pool (stat, txt, min, xp, hard, tags) values ('mind', '좋은 문장 필사 10분', 10, 2, false, '["reading","content"]'::jsonb);
insert into quest_pool (stat, txt, min, xp, hard, tags) values ('craft', '파이썬 문법 1개 정리', 10, 2, false, '["coding"]'::jsonb);
insert into quest_pool (stat, txt, min, xp, hard, tags) values ('craft', '백준 쉬운 문제 1개 풀기', 20, 4, false, '["coding"]'::jsonb);
insert into quest_pool (stat, txt, min, xp, hard, tags) values ('craft', 'CS 용어 5개 암기', 10, 2, false, '["coding","cert_tech"]'::jsonb);
insert into quest_pool (stat, txt, min, xp, hard, tags) values ('craft', 'LC 음원 15분 쉐도잉', 15, 3, false, '["language"]'::jsonb);
insert into quest_pool (stat, txt, min, xp, hard, tags) values ('craft', '원격강좌 1강 수강', 25, 4, false, '["university"]'::jsonb);
insert into quest_pool (stat, txt, min, xp, hard, tags) values ('craft', 'K-MOOC 1강 듣기', 20, 3, false, '["university"]'::jsonb);
insert into quest_pool (stat, txt, min, xp, hard, tags) values ('craft', '실기 시연 영상 1개 시청', 15, 2, false, '["cert_tech"]'::jsonb);
insert into quest_pool (stat, txt, min, xp, hard, tags) values ('craft', '디자인 레퍼런스 5개 수집', 10, 2, false, '["design"]'::jsonb);
insert into quest_pool (stat, txt, min, xp, hard, tags) values ('craft', '영상 편집 단축키 5개 익히기', 10, 2, false, '["design","content"]'::jsonb);
insert into quest_pool (stat, txt, min, xp, hard, tags) values ('craft', '썸네일 1장 만들어보기', 20, 4, false, '["design","content"]'::jsonb);
insert into quest_pool (stat, txt, min, xp, hard, tags) values ('money', '경제 뉴스 1개 요약', 10, 2, false, '["finance"]'::jsonb);
insert into quest_pool (stat, txt, min, xp, hard, tags) values ('money', '적금 만기 수령액 계산해보기', 5, 2, false, '["finance"]'::jsonb);
insert into quest_pool (stat, txt, min, xp, hard, tags) values ('money', '금융 용어 3개 정리', 10, 2, false, '["finance"]'::jsonb);
insert into quest_pool (stat, txt, min, xp, hard, tags) values ('people', '자소서 한 문단 쓰기', 20, 4, true, '["career"]'::jsonb);
insert into quest_pool (stat, txt, min, xp, hard, tags) values ('people', '직무 인터뷰 영상 1개 시청', 15, 2, false, '["career"]'::jsonb);
insert into quest_pool (stat, txt, min, xp, hard, tags) values ('people', '스터디 멤버 1명 모으기', 10, 4, true, '["career","university"]'::jsonb);
insert into quest_pool (stat, txt, min, xp, hard, tags) values ('edge', '창업 아이템 1줄 메모', 5, 2, false, '["startup"]'::jsonb);
insert into quest_pool (stat, txt, min, xp, hard, tags) values ('edge', '관심 서비스 1개 뜯어보기', 15, 3, false, '["startup","design"]'::jsonb);
insert into quest_pool (stat, txt, min, xp, hard, tags) values ('edge', '채용공고 3개 스크랩', 10, 2, false, '["career"]'::jsonb);
insert into quest_pool (stat, txt, min, xp, hard, tags) values ('edge', '쇼츠 아이디어 3개 메모', 5, 2, false, '["content"]'::jsonb);
insert into quest_pool (stat, txt, min, xp, hard, tags) values ('body', '버피 30개', 8, 2, false, '["fitness"]'::jsonb);
insert into quest_pool (stat, txt, min, xp, hard, tags) values ('body', '특급전사 기준 1종목 측정', 20, 5, true, '["fitness"]'::jsonb);
insert into quest_pool (stat, txt, min, xp, hard, tags) values ('mind', '감사한 일 3가지 적기', 5, 2, false, '["health","reading"]'::jsonb);
insert into quest_pool (stat, txt, min, xp, hard, tags) values ('mind', '명상 또는 호흡 정리 5분', 5, 2, false, '["health"]'::jsonb);
insert into quest_pool (stat, txt, min, xp, hard, tags) values ('money', '내일준비적금 납입액 점검', 5, 2, false, '["finance"]'::jsonb);
insert into quest_pool (stat, txt, min, xp, hard, tags) values ('money', '전역 후 첫 달 예산 짜보기', 20, 4, true, '["finance"]'::jsonb);
insert into quest_pool (stat, txt, min, xp, hard, tags) values ('money', 'ETF 1개 구성 종목 살펴보기', 10, 2, false, '["finance"]'::jsonb);
insert into quest_pool (stat, txt, min, xp, hard, tags) values ('money', '청년 지원 정책 1개 정리', 10, 3, false, '["finance","career"]'::jsonb);
insert into quest_pool (stat, txt, min, xp, hard, tags) values ('people', '후임 고민 10분 들어주기', 10, 3, false, '[]'::jsonb);
insert into quest_pool (stat, txt, min, xp, hard, tags) values ('people', '가족/친구에게 안부 연락', 5, 2, false, '[]'::jsonb);
insert into quest_pool (stat, txt, min, xp, hard, tags) values ('people', '오늘 배운 것 1가지 설명해보기', 10, 3, false, '["university","reading"]'::jsonb);
insert into quest_pool (stat, txt, min, xp, hard, tags) values ('people', '관심 직무 현직자 글 1개 읽기', 10, 2, false, '["career"]'::jsonb);
insert into quest_pool (stat, txt, min, xp, hard, tags) values ('edge', '평소 안 하던 일 1가지 하기', 10, 3, true, '[]'::jsonb);
insert into quest_pool (stat, txt, min, xp, hard, tags) values ('edge', '부대 프로그램/대회 1개 알아보기', 10, 3, false, '["career","startup"]'::jsonb);
insert into quest_pool (stat, txt, min, xp, hard, tags) values ('edge', '어려운 부탁 하나 해보기', 5, 4, true, '[]'::jsonb);
insert into quest_pool (stat, txt, min, xp, hard, tags) values ('edge', '내 강점 3가지 적어보기', 10, 2, false, '["career"]'::jsonb);
